"2","プログラミング教室","RaspberryPi","遠隔操作","外部Net","2019-02-14","ラズパイNetwork（２）","&lt;p style=&quot;&quot;&gt;（書籍）すぐに作れるラズベリーパイ&times;ネットワーク　７章、８章&lt;/p&gt;&lt;p style=&quot;&quot;&gt;７章Step?password関係　&lt;br style=&quot;&quot;&gt;　　　root（SuperUser)　password&lt;br style=&quot;&quot;&gt;７章Step?ファイアウォールの設定　−−−−−−−−−−−−後回し&lt;br&gt;７章Step?IPアドレスを固定&lt;br&gt;　　　　　ファイル/etc/network/interfacesを確認−−−−−既に済の状態&lt;br&gt;７章Step??Apasheインストールを実施及び動作確認&lt;br&gt;　　　　　インストール後http://192.168.1.22/　で動作確認OK&lt;br&gt;　　　　　ついでにダイナミックDNSにて取得のDomainにてのスマホからの動作確認OK&lt;br&gt;&lt;br&gt;８章の動画配信もザット読み、後半のmjpg-streamerを使ってを読み&lt;br&gt;　　　以前作成のWeｂiopiによるクローラクレーン＋mjpg-streamerを駆動させる手順を&lt;br&gt;　　　試すとそのままOK（取得Domainにての動画配信を確認）　&lt;br style=&quot;&quot;&gt;&lt;br style=&quot;&quot;&gt;　　　　　&lt;/p&gt;"
"4","HomePage","MyPage","運用","","2019-02-04","Home Pageの新運用：BackUpとInstantWP環境構築","注：2019.1月4,5,6日勘違いで数日をロスwordpressのプラグインUpdraftPlusによるBackUpと復元は新InstantWPでのことを忘れ&lt;br&gt;xamppにて復元を試みて上手くいかず、問題解決法などで数日を費やしてしまった。&lt;br&gt;関連１：wordpressをサーバーからローカルに移行できない・・・。&lt;br&gt;&lt;br&gt;再度BackUp＆復元の手順&lt;br&gt;　　　?サーバサイドでUpdraftPlusにてbackupする。　　　　　　&lt;br&gt;　　　??のbackupしたすべてをローカルにダウンロードする。&lt;br&gt;　　　&lt;span style=&quot;color: rgb(255, 0, 0);&quot;&gt;?新instWP&lt;/span&gt;（NECPCのIWP_Winにあるzipファイル）をインストールしWordpress Admin&lt;br&gt;　　　　にて（admin,password）でダッシュボードへ。&lt;br&gt;　　　?新instWP上にプラグインUpdraftPlusを入れ有効化後、ダウンロードしたbackupを持ち込み&lt;br&gt;　　　　復元を実施。&lt;br&gt;　　　?復元直後にはMySQL Adminから入り（root＆ブランク）DBのwordpress＆optionにて&lt;br&gt;　　　　最初の２つsiteurlとhomeのアドレスをhttp://127.0.0.1:10080/wordpress/の&lt;br&gt;　　　　ローカルURLに変更することでOKとなる。&lt;br&gt;　　　?Localの新instantWPを呼び出すには　Start_InstantWP.bat　で立ち上げること。&lt;br&gt;　　　　サーバサイド＆ローカルinstantWPでのユーザ名＆パスワードは同じとなる。&lt;br&gt;　　　　　　　ユーザ名：smartworks　パスワード：Ys74j821Ys74j　　　&lt;br&gt;&lt;br&gt;　　　　　　　以上でサーバサイドと同じローカルサイトができあがる。&lt;br&gt;　　　厳重注意：&lt;br&gt;　　　　最初の２つsiteurlとhomeのアドレスを変えないとinstWPからWordpress Adminから&lt;br&gt;　　　　入ってもサーバサイドへ入ってしまう。&lt;br&gt;　　　　　　　（理由はinstWP管理画面のURLがサーバサイドURLになっているから）"
"8","プログラミング教室","Web開発","My_DB仕様","残作業他","2018-12-29","My_DB仕様　2019年残項目とスケジュール","＊残作業　at　2018年12月29日・日付順の並び替え（済：2019.12.29）&lt;br&gt;　　　階層構造の再考　優先順位　大分類、中、小、Job、資料種類　&lt;br&gt;　　　Sort優先順位　default：修正日付順　Job順　資料種類　など&lt;br&gt;・Wordpressへの組込みと動作確認-----2019.1.3までの検討ではメニュー／ボタンから外部参照&lt;br&gt;・WordpressのBackUpに組み込まれるか−−−−Updraft？？？でwordpress_backupでOK&lt;br&gt;・Style変更（体裁＆見栄えの改良、Bootstrapの使い方他）&lt;br&gt;・MyDBの骨格作成とcsvToMySQL（試作PGM：htdocs/WP_APP/APP/MyDB_csvTosql.php）&lt;br&gt;・その他　DB記事のprintout　Tableのprintout他&lt;br&gt;&lt;br&gt;＊ホームページの見直し&lt;br&gt;＊Webアプリ開発ブログ&lt;br&gt;＊RaspberryPiによるRoboticsとIoTブログ&lt;br&gt;＊アフィリエイトへの展開"
"10","プログラミング教室","Wordpress","CSS","","2018-12-28","Bootsrap?Grid横並び?横メニュー","?Colの横並び　幾つかのタグを横並びにするには上位にclass=&quot;row&quot;を含むが必要?メニューの横並び の上位にnavbar用のタグで囲む必要がある&lt;br&gt; &lt;br&gt;&lt;br&gt;関連１：Bootstrapに用意されているクラス&lt;br&gt;&lt;br&gt;関連４：よりプロっぽく見せるためのBootstrap使い方講座&lt;br&gt;&lt;br&gt;関連２：Bootstrap 4を使うための準備&lt;br&gt;&lt;br&gt;関連５：Bootstrap 4 Navigation Bar&lt;br&gt;&lt;br&gt;関連３：【Bootstrap4】グリッドレイアウト（配置）"
"11","個人事業","情報","アフィリエイト","","2018-12-28","アフィリエイト","関連１：WordPressを使ってのアフィリエイトのやり方-設置から設定までの手順&lt;br&gt;関連４：アフィリエイト"
"12","プログラミング教室","Web開発","My_DB仕様","","2018-12-28","My_DB仕様　入力など採用ツール各種","関連５：日付の入力欄を作成する　　　　注：カレンダーによる設定も可能−−−＞採用&lt;br&gt;　　　　関連３：[JavaScript] 現在日付をYYYY/MM/DD形式の文字列で取得する　−−−＞採用&lt;br&gt;&lt;br&gt;関連１：JavaScript テキストエリアの値を取得/設定するサンプル−−＞採用&lt;br&gt;&lt;br&gt;関連４：日付処理を使い倒す! JavaScriptのDate活用法を徹底解説&lt;br&gt;&lt;br&gt;関連２：カレンダーで日付の入力補助をする"
"13","プログラミング教室","Web開発","PHP&amp;MySQL","debug","2018-12-27","PHPからディベロッパーツールのコンソール","関連１：Chrome Loggerを使ってPHPのデバッグをコンソール画面から確認してみる。&lt;br&gt;関連３：クライアント側ストレージ"
"14","プログラミング教室","Web開発","My_DB仕様","","2018-12-26","My_DB仕様　debug上の各種問題及び検討事項","2018年12月のMyDBプログラムdebug上の各種問題及び検討事項?Webアプリ開発の特殊事情&lt;br&gt;　・サーバサイド（PHP）＆クライアントサイド（Javascript）の間での問い合わせなどでサイド&lt;br&gt;　　移動した場合には移動以前の状態（含む変数など記憶内容）はすべて解放され、初期状態&lt;br&gt;　　から始めなければならないので、この問い合わせの後には特定の位置から再開するといった&lt;br&gt;　　スタンドアロンプログラムのアプリ作成とは全く異なったアプローチが求められる。&lt;br&gt;　・上記課題の中でアプリ開発のアルゴリズムを検討する上で便利なツールとして&lt;br&gt;　　状態遷移図とサーバ＆クライアント間のシーケンス図を使って問題点を整理するのが良い。&lt;br&gt;　　MyDBで検討したものを紹介する。&lt;br&gt;?Web　Storageの利用&lt;br&gt;　・Webアプリ開発の特殊事情（サーバ＆クライアントでのメモリ保持不可）を補う機能として&lt;br&gt;　　Web Storage（local storage,session storgage）があり、上手く利用すると良い。&lt;br&gt;　　(1)つには、以前の状態または直前のStageなどを記憶させて次のActionを決めるためのもの。&lt;br&gt;　　(2)つには、サーバへの問い合わせを極力少なくする為に主要なデータを覚えておくためのもの。&lt;br&gt;　　がある。MyDBではsession storageを多用している。&lt;br&gt;?MyDBではHTMLエディターとしてAloha Editorを使用したが、Editデータ（HTML Styleを含む）&lt;br&gt;　　をMySQLに書き込み・読み込む形式が異なると適合しない場合があり、試行錯誤が必要であった。&lt;br&gt;　　MyDBアプリのMySQL処理を行うPHPプログラムを参照のこと。（基本的にはes処理や&lt;br&gt;　　htmlspecialcharなどの処理を行わずオリジナルデータでの読み書きが必要）&lt;br&gt;&lt;br&gt;　　"
"15","プログラミング教室","Web開発","My_DB仕様","","2018-12-12","Data Baseアプリ開発の問題点と対策","関連１：DBをボトルネックにしないアプリケーション開発"
"16","プログラミング教室","Web開発","Jvascript","","2018-12-11","HTMLのcontenteditable属性","関連１：HTMLのcontenteditable属性"
"17","プログラミング教室","Web開発","Jvascript","","2018-12-06","console.logの注意点　及び　配列と文字列の変換テキストボックス入力可、不可","関連４：console.logで配列を表示する場合、配列の内容はconsole.logが行われたタイミングではなく、&lt;br&gt;　　　　デベロッパーツールを開いたときのものになるからです。&lt;br&gt;　　　　以下のようにすることでconsole.logが実行されたタイミングの内容を得ることができると思います。 &lt;br&gt;&lt;br&gt;console.log(JSON.stringify(aaa)); &lt;br&gt;console.log(JSON.stringify(bbb)); &lt;br&gt;&lt;br&gt;関連２：テキストエリア（Textarea要素）のdisabled属性の値を取得、もしくは、設定するプロパティ。&lt;br&gt;関連５：JavaScript テキストボックスへの入力の &#039;可&#039;,&#039;不可&#039;の切り替え。&lt;br&gt;&lt;br&gt;関連１：【javascript】配列と文字列の変換&lt;br&gt;配列&rarr;文字列　ary = [&#039;Spring&#039;,&#039;Summer&#039;,&#039;Fall&#039;,&#039;Winter&#039;];　str = ary.join(&#039;,&#039;);&lt;br&gt;　　　　　　　console.log(str);　　　//=&gt;Spring,Summer,Fall,Winter&lt;br&gt;文字列&rarr;配列　str = &#039;Spring,Summer,Fall,Winter&#039;;　ary = str.split(&#039;,&#039;);&lt;br&gt;　　　　　　　console.log(ary);　　　//=&gt;[&quot;Spring&quot;, &quot;Summer&quot;, &quot;Fall&quot;, &quot;Winter&quot;]"
"18","プログラミング教室","Web開発","Jvascript","ソフト入力","2018-12-06","スクロール位置","関連１：jQueryでスクロール位置を取得・設定する：scrollTop()&lt;br&gt;関連４：javascript(jQuery)：指定位置までスクロールする方法"
"19","プログラミング教室","Web開発","Jvascript","ソフト入力","2018-12-06","javascriptテクニック　ソフト入力各種","関連１：入力フォームに値をセットする方法// &lt;input id=&quot;target&quot;&gt;&lt;br&gt;document.getElementById( &quot;target&quot; ).value = &quot;SYNCER&quot; ;&lt;br&gt;// &lt;textarea id=&quot;target&quot;&gt;&lt;/textarea&gt;&lt;br&gt;document.getElementById( &quot;target&quot; ).value = &quot;SYNCER&quot; ;&lt;br&gt;&lt;br&gt;// フォームタグを生成&lt;br&gt;var form = document.createElement(&#039;form&#039;);&lt;br&gt;form.method = &#039;POST&#039;;&lt;br&gt;form.action =&quot;&lt;?=$_SERVER[&quot;PHP_SELF&quot;]?&gt;&quot;;&lt;br&gt;var reqElm = document.createElement(&#039;input&#039;);　　// POSTパラメーターようにinputタグを生成&lt;br&gt;reqElm.name = &quot;submit_get&quot;;&lt;br&gt;reqElm.value = 0;&lt;br&gt;form.appendChild(reqElm);　　// フォームタグにinputタグを追加&lt;br&gt;form.submit();　　　　　　　　// 生成したフォームをSUBMIT"
"20","プログラミング教室","Web開発","My_DB仕様","","2018-11-30","My_DB仕様　ボタンからsubmit","関連５：[JavaScript] フォームを使わずXMLHttpRequestでPOSTで送信&lt;br&gt;関連１：【JS】ボタンを押してSubmitする&lt;br&gt;&lt;br&gt;関連４：javascriptだけでformのPOSTを行う方法&lt;br&gt;　　　　注：基本的にはこの方法でOK&lt;br&gt;&lt;br&gt;関連２：JavaScript/DOM&rsaquo; フォーム送信"
"23","プログラミング教室","Web開発","My_DB仕様","","2018-11-14","tab付きの画面展開でプログラムの多機能化を実現","My_DBプロジェクトの検索画面とDBデータの作成・編集の画面とをTabを切り替えて実現可能かを検討する。　　結論：下記の関連５のSampleで可能の模様&lt;br&gt;　　sample：htdocs/Javas_samp/Combo_Drop/ex01/index.html　（含むjs,css）&lt;br&gt;　　　さらに　htdocs/Javas_samp/Combo_Drop/ex01/index_B.htmlでは別のボタンで画面切り替え確認&lt;br&gt;&lt;br&gt;2018.11.16　検索画面と編集画面をTab切り替えで実現するフレームワークを作成&lt;br&gt;　　最新版：htdocs/Aloha-Editor-1.4.50/src/demo/mydb/MyDB_final_tab_02.php&lt;br&gt;　　　　　　環境はEditor側に合わせ、MySQLサイドを持ち込みOK,編集画面を表画面、検索画面を裏として&lt;br&gt;　　　　　　一応機能的にはOK.但し、編集画面側のボタン類や画面Styleなどがうまくいっていない。&lt;br&gt;　　　&lt;br&gt;関連５：タブ切り替えで、JavaScriptの基本を学ぶ(1) クリックイベントを書いてみよう &lt;br&gt;&lt;br&gt;関連３：簡単なタブ切り替え機能の実装&lt;br&gt;&lt;br&gt;&lt;br&gt;&lt;br&gt;関連２：jQueryのEasyUIチュートリアル&lt;br&gt;&lt;br&gt;関連１：ウィンドウ名の取得・設定／ウィンドウの開閉／ウィンドウの存在有無確認&lt;br&gt;&lt;br&gt;関連４：データの受け渡しができるサブウインドウ(モーダルダイアログ)を開く方法"
"24","プログラミング教室","Web開発","My_DB仕様","検索と表示","2018-11-13","wordpress My_DBプロジェクト（５）","2018.11.13 My_DBの検索画面と機能に関するプログラムを略完成　　&rarr;htdocs/WP_APP/App_html/MyDB_search_table_03.php（MyDBのdataを編集して試作確認OK)&lt;br&gt;&lt;br&gt;?Dy_DBからの全件抽出から検索Tree構造部分の検索ダータdata及び転置のdata_dを作成&lt;br&gt;　（最終的にはdata_dのみで可）&lt;br&gt;?４階層のTree構造を元に４つのComboboxに関する制御機能を実現（上層の指定に伴い下層サイドのCombobox&lt;br&gt;　　を生成する方式＝つまり、上位のキーワードに従って下位層のcomboboxを作り直す）&lt;br&gt;?Comboboxの指定に一致するDataテーブルの出力についてはdataマトリックス（data_d）に対応する&lt;br&gt;　delflag（テーブルの各行を該当しないデータは表示させないような行対応のフラグ）を生成し、&lt;br&gt;　delflagに従って検索データを表示させる。"
"25","プログラミング教室","Web開発","CSS","","2018-11-12","CSSが効かない(キャッシュ消去で対処）","関連１：CSSが効かない・反映されないときの対処法まとめ&lt;br&gt;関連４：ChromeでCSSが反映されない？キャッシュ消去で対処"
"26","プログラミング教室","Web開発","Jvascript","テーブル","2018-11-10","テーブル行の追加（Copy＆Append)","関連３：javascriptでtableをループ その2-2　　正にやりたいことか。　　　　Sample：jq_copy_add_tbl02.html&lt;br&gt;// 出来上がったJavascriptによるテーブル表示&lt;br&gt;//tbodyノードを取得し、次にCopyしたいテーブル&lt;tr&gt;行objectを取り出す&lt;br&gt;  var tbody = document.getElementById(&#039;my_db-tbody&#039;);&lt;br&gt;  var tr_first = tbody.childNodes[1];　//childNodes[0]はシステム的な定義で出力用はchildNodes[1]&lt;br&gt;// 出力データの1行目はtr_first実体に割り付ける&lt;br&gt;	if (data_d.length&gt;1) {　　2行目以降と同じなので省略　　　	}&lt;br&gt;// tbodyタグ直下のノード（行）を複製し、変数「list」に代入&lt;br&gt;  var list = tbody.childNodes[1].cloneNode(true);&lt;br&gt;  // 複製した行の2番目のセルを指定し、変数「td」に代入&lt;br&gt;  //tr エレメントをtbody内に追加(ここではじめて表示される)&lt;br&gt;          for (i = 2; i &lt; data_d.length; i++){&lt;br&gt;  var list = tbody.childNodes[1].cloneNode(true);&lt;br&gt;              for (j = 0; j &lt; 6; j++){&lt;br&gt;                  //tdエレメントをを生成&lt;br&gt;                    var td = list.childNodes[2*j+3];&lt;br&gt;                  //tdの中に入れたいモノをセット&lt;br&gt;                  td.innerHTML = data_d[i][j];&lt;br&gt;                  //生成したtdをtrにセット&lt;br&gt;              }&lt;br&gt;              //出力データの1行をtbodyの最終行に追加&lt;br&gt;              tbody.appendChild(list);&lt;br&gt;          }&lt;br&gt;&lt;br&gt;関連１：&lt;table&gt;の&lt;tr&gt;行をコピーして追加&lt;br&gt;&lt;br&gt;関連４：【jquery】jqueryを使ってテーブルに新規行を追加する&lt;br&gt;&lt;br&gt;関連２：テーブルの行の中でテキストボックスの動的追加&lt;br&gt;　　　　　後半はコピーして最後にappendする方法&lt;br&gt;function addList(){&lt;br&gt;  var t=document.querySelector(&quot;#personList&quot;);&lt;br&gt;  var r=t.querySelector(&quot;tr:last-child&quot;).cloneNode(true);&lt;br&gt;  t.querySelector(&#039;tbody&#039;).appendChild&reg;;&lt;br&gt;}&lt;br&gt;&lt;br&gt;関連５：(jQuery) clone()をテーブル作成で試す。&lt;br&gt;　　　　Sample：jq_copy_add_tbl01.html"
"27","プログラミング教室","Web開発","Jvascript","テーブル","2018-11-09","checkbox処理","関連１：テーブルは複数列で１列目にチェックボックスが入っています チェックがついた行だけ残したいのですが&lt;br&gt; どのようなjavascriptを組めばよろしいでしょうか？&lt;br&gt;&lt;br&gt;関連４：行クリックでチェックボックスをON/OFFしたい"
"28","プログラミング教室","Web開発","Jvascript","テーブル","2018-11-08","2018.11.08　jqueryによるテーブル表示出力","2018.11.08　jqueryによるテーブル表示出力最も簡単な2次元配列型のDataをテーブル表示する関連１のsampleでDBデータ表示を確認できた。&lt;br&gt;　確認sample：htdocs/JavaS_samp/Js_Table/simple_Jstbl01.php（関連１original）&lt;br&gt;　　　　　　　&rarr;simple_rev_Jstbl01.php（転置的なdataで確認）&lt;br&gt;　　　　　　　&rarr;simple_mat_rev_Jstbl01.php（既存の1次元dataから2次元dataを生成して確認）&lt;br&gt;　　　　　　　&rarr;simple_revmat_Jstbl01.php（2次元dataを転置や行削除生成しての確認）&lt;br&gt;　　　　　　　&rarr;htdocs/WP_APP/App_html/MyDB_search_table_01.php（MyDBのdataを編集して試作確認OK)&lt;br&gt;　　　　　&rarr;今後の検討：Title　Header　check　及び体裁（書式）を含めて最終段階へ&lt;br&gt;　　　　　　注：checkbox項を含めた行追加の方法が分からないため、ダミーの最初の行を作りCopy&lt;br&gt;　　　　　　　　しながらテーブル作成する方法を採用（参考Webは関連２）&lt;br&gt;&lt;br&gt;関連１：【Javascript】表（table）の動的作成&lt;br&gt;関連２：JavaScript / jQueryでtableの行を「追加」「削除」「移動」「変更」させる方法&lt;br&gt;&lt;br&gt;関連４：JavaScript プログラミング講座（Javascriptに関しての詳細解説あり）&lt;br&gt;&lt;br&gt;関連３：【ワテのjQuery講座】テーブルをプログラムで動的に作成する方法【これだ!!】&lt;br&gt;　　　　まずはこれで行こう！&lt;br&gt;&lt;br&gt;関連５：Complex Tables, Simple Code（関連２で紹介のTabulatorのサイト　sample豊富）&lt;br&gt;&lt;br&gt;関連６：Javascript 二次元配列の追加、結合"
"29","プログラミング教室","Web開発","資料","","2018-11-07","DOMを使いこなしてWeb開発","関連１：DOM の編集 （Tools for Web Developers）&lt;br&gt;関連４：【DOM基礎】ノードの取得／属性の取得・設定&lt;br&gt;&lt;br&gt;関連２：DOM関数（属性一覧、Method一覧）&lt;br&gt;&lt;br&gt;関連５：PHP &amp; JavaScript Room（関連２のホームだがphp,javascriptなどWeb開発全般の解説）&lt;br&gt;&lt;br&gt;関連３：デベロッパーズコーナー：DOMプログラミング講座 Ｉ（3）"
"30","プログラミング教室","Web開発","server&amp;client","","2018-11-05","Input処理とサーバーサイド","関連１： PHP工房：フォーム（input、select、textarea）の基礎知識&lt;br&gt;関連４：例で覚えるPHP　第１０回　データ取得&lt;br&gt;&lt;br&gt;関連２：【PHP入門】POST送信、GET送信する方法&lt;br&gt;&lt;br&gt;関連５：PHP $_SERVER $_SERVER [&#039;REQUEST_METHOD&#039;] === &#039;POST&#039;&lt;br&gt;&lt;br&gt;Ajax関連（所有書籍Webエンジニアのためのサバイバル教本：Chapter１０からのsampleなど）&lt;br&gt;　　例?：htdocs/JavaS_samp/Php_Js_Samp/Ajax_simple_01.htmlとsimple_01.php&lt;br&gt;　　　　　　　　Ajax_simple_01.html&rarr;simple_01.php&lt;br&gt;　　例?：htdocs/JavaS_samp/Php_Js_Samp/Ajax_Jq_simp01.htmlとJq_simp01.php　　など"
"31","プログラミング教室","Web開発","My_DB仕様","コンボボックス","2018-11-05","コンボボックス（３）−−方針とまとめ","2018.11.05数日、コンボボックスの仕様と機能実現について検討実施するも全てを備えるコンボボックスの　　実現は現状困難と判断。DB検索の場合の機能（選択と同時取り出しの機能）と新規DB登録の場合の機能&lt;br&gt;　　（選択と入力可だが取り出しは別ボタン）を使い分けることで解決することとした。&lt;br&gt;　　但し、所望の仕様を実現する為には更なる技術の仕込みが必要と実感。丁寧に進めて行く。&lt;br&gt;&lt;br&gt;・コンボボックスのまとめ（詳細は2018.9.28付けのコンボボックス（２）参照）&lt;br&gt;　現状把握しているコンボボックス実現の方法は３種類&lt;br&gt;　?jQuery EasyUI のコンボボックス(ComboBox)＝選択と入力可能だが取り出しは別ボタン必要&lt;br&gt;　　 inputタグでのみ実現　　例：htdocs/JavaS_samp/Combo_Drop/varCombo03.html,Simpl_Combo.html&lt;br&gt;　?selectタグとOptionによる機能＝選択と同時取り出し可能だが入力は出来ない&lt;br&gt;　　 例：htdocs/JavaS_samp/Combo_Drop/Selectbox_01.html−−−−−DB検索機能の実現に採用&lt;br&gt;&lt;br&gt;　?inputタグとdatalistタグ＆optionによる方法＝選択とinputは可能だが同時取り出し不可&lt;br&gt;　　 例：htdocs/JavaS_samp/Combo_Drop/Datalist_Selbox_01.html"
"32","プログラミング教室","Web開発","My_DB仕様","","2018-11-02","サーバに戻らずに画面展開する","関連１：ページ内に別のページを表示したい（インラインフレーム）&lt;br&gt;関連４：jQueryで1ページごとにスクロールして画面遷移させるUIを実装する方法&lt;br&gt;&lt;br&gt;関連２：jQueryの基本まとめ - HTMLを操作しよう&lt;br&gt;&lt;br&gt;関連５：iframe で複数の管理画面を1つの統一されたサイトに見せるパターンのまとめ&lt;br&gt;&lt;br&gt;関連３：JavaScriptで動的にWebページを書き換える【初心者向け】"
"33","プログラミング教室","Web開発","My_DB仕様","","2018-11-02","innerHTML（JavascriptからHTMLの動的書き換え）","関連３：jQueryでテーブルに行を追加する方法−−−この方法で可能の模様。（採用検討）&lt;br&gt;&lt;br&gt;&lt;br&gt;関連１：JavaScript【 innerHTML 】 〜 表示内容の書き換え&lt;br&gt;&lt;br&gt;関連４：JavaScript / jQueryでtableの行を「追加」「削除」「移動」「変更」させる方法&lt;br&gt;&lt;br&gt;関連２：jQueryでJSONのデータ取得し、テーブルに表示する&lt;br&gt;&lt;br&gt;&lt;br&gt;関連５：jQueryプラグインまとめ（Table)"
"34","プログラミング教室","Web開発","My_DB仕様","","2018-11-01","wordpress My_DBプロジェクト（４）","?2018.11.01　DB新規登録記事作成用のMy_DB組込み用のエディターについてはAloha Editorの適用試験　htdocs/Aloha-Editor-1.4.50中のsrc/demo/simpleindex_B.html　にてテキスト入力とhtml文書の&lt;br&gt;　読み込みが確認できたのでエディター側の方針が決まった。&lt;br&gt;?ここで再びMySQL側に戻り、MySQLを扱うサーバー側処理（主にはphp）と入出力と表示のクライアント側&lt;br&gt;　処理（主にはJavascript）について両者の機能分担も含めてさらに具体化する。&lt;br&gt;&lt;br&gt;仕様（DBアプリのユースケースから使用を検討）&lt;br&gt;１．WPからDBメニューを選択しDB処理に入る。&lt;br&gt;　・MySQLのDBに入り全件取り込み（Select *)その中の主要FieldとOverviewの一覧を表示するが&lt;br&gt;　　主要Fieldのデータはsever&rarr;clientとし、クライアント側の変数（WebStorage利用も検討）とし、&lt;br&gt;　　データ検索の処理と表示がすべてクライアント側で出来るかの確認テストを行う。&lt;br&gt;　　（データ絞り込みの検索処理の殆どはclient側とし、serverに何度も問い合わせしないようにする）&lt;br&gt;２．１件検索後の全文取り出しではサーバーに戻りMySQLからデータを取り出しserver&rarr;clientとし、&lt;br&gt;　　エディターでのデータ修正（編集）を行う。また、新規データ作成時のデータ編集の作業もclient側の&lt;br&gt;　　エディターでの編集を行う。&lt;br&gt;　　編集、新規、削除に伴うclient側主要filedデータの変更を如何に行うかの検討が必要。&lt;br&gt;３．エディター編集の終了時にはclient&rarr;server&rarr;MySQLへの流れとなる処理を検討する。&lt;br&gt;４．上記１，２，３の遣り取りがスムーズに出来るかを確認する。&lt;br&gt;５．また、初期データの作成、MyDBデータのdownload、uploadなどユーティリティ処理を検討する。"
"35","プログラミング教室","Wordpress","CSS","","2018-10-28","Bootstrapまとめ","関連１：w3schools.com（Bootstrap 3 Tutorial）　　　　Bootstrapの各項目についての例題と説明が豊富で参考になる。&lt;br&gt;&lt;br&gt;関連４：いつも隣にITのお仕事（Bootstrapの使い方例題を含む一連の解説シリーズ）&lt;br&gt;&lt;br&gt;&lt;br&gt;関連３：Bootstrapではじめる「簡単＆美味しいサイト」の作り方　〜実制作物つき！〜&lt;br&gt;　　　　例題HTMLは・・・￥xampphtdocsJavaS_sampBootstrapデモ---実例の例題として参考になる&lt;br&gt;&lt;br&gt;&lt;br&gt;関連６：関連１：公式Bootstrapページ（getbootstrap.com)&lt;br&gt;&lt;br&gt;&lt;br&gt;関連５：CSS3リファレンス &lt;br&gt;&lt;br&gt;&lt;br&gt;関連２：[css] ブートストラップ - &lt;td&gt;に固定幅を設定する方法は？"
"36","プログラミング教室","開発アプリ","エディター","Sample","2018-10-26","文字列の選択機能","関連６：5行でできるjQueryのテキスト選択　　　　注：文字列の選択範囲に関する関連１から５を参考にするも上手く機能せず。ここに戻る。&lt;br&gt;　　　　?htdocs/WP_APP/App_Editor/の　Jque_doc_samp.html　&lt;p&gt;全体の選択だがOK&lt;br&gt;　　　　　$(function(){　この中で関数を定義（htmlロード時に使う関数を定義する必要あり）});を確認&lt;br&gt;　　　　?htdocs/WP_APP/App_Editor/の　Jque_doc_samp01.html　&lt;p&gt;全体の選択だがOK&lt;br&gt;　　　　　$(&quot;#Sel&quot;).select　はボタンclickでも領域全体の選択と確認&lt;br&gt;&lt;br&gt;関連５：jQuery.selection - テキストの選択範囲を自由自在に扱えるjQueryプラグイン&lt;br&gt;　　　　$(function()内に置くことでOK。jquery.selection.jsが必要だが文章の１部の選択ができた。　&lt;br&gt;　　　　sample：htdocs/WP_APP/App_Editor/の　Jque_doc_change_01.html　&lt;br&gt;&lt;br&gt;関連３：jQuery.selection　選択範囲のテキスト操作 / キャレット操作 jQuery プラグイン&lt;br&gt;　　　　$(function()内に置くことでOK。選択、大文字にする、hrefを入れるなどもOK。&lt;br&gt;　　　　Sample：htdocs/WP_APP/App_Editor/の　Jque_doc_change.html&lt;br&gt;&lt;br&gt;注：上手くいかず&lt;br&gt;関連１：表示文章中の、指定の単語だけを動的に強調表示(ハイライト)する方法　&lt;br&gt;　　　　2018.10.27　Sampleテスト中：htdocs/WP_APP/App_Editor　doc_change.html&lt;br&gt;関連４：選択した文字列をハイライト表示するブックマークレットを作ってみた&lt;br&gt;関連２：[javascript] 要素内のテキストを選択する（マウスで強調表示に似ています）"
"37","プログラミング教室","開発アプリ","エディター","Sample","2018-10-25","フリーのHTMLエディター（Aloha Editor）を組み込む","関連４：HTML5対応の軽量WYSIWYGエディタ「Aloha Editor」　　　　2018.10.24版をdownload　Demoなど試したところColor設定はなさそうだが、文字大きさ、Bold,&lt;br&gt;　　　　リンクなどあって使えそう。まずはAloha Editorを採用することで進める。&lt;br&gt;　　　　Aloha EditorをWeb組込みした起動可能な例はdownloadしたhtdocs/Aloha-Editor-1.4.50中の&lt;br&gt;　　　　?src/demo/simpleindex.html　などに習えばよい。&lt;br&gt;　　　　更にsrc/demoの中にWebアプリとしての体裁を持つもの２つのテストを実施。&lt;br&gt;　　　　?src/demo/demo-app/textarea.html　−Editorメニューが現れないなどエラー発生&lt;br&gt;　　　　?src/demo/boilerplate/index.html　−本格アプリの様相でEditorメニューも更に充実テストOK&lt;br&gt;&lt;br&gt;　　　　&lt;br&gt;&lt;br&gt;&lt;br&gt;関連１：TinyMCEを設置する&lt;br&gt;　　　　xampp2中にダウンロードしてテスト用のtest.htmlにて組込みイメージを確認&lt;br&gt;&lt;br&gt;&lt;br&gt;&lt;br&gt;　　　　"
"38","プログラミング教室","開発アプリ","検討事項","Sample","2018-10-22","HTMLエディターとSVG画像エディターの検討","　2018.10.22　現在　C:xampp2中のwordpressにTinymce Advanced及びSVG画像エディターVectrを組み込ん　　　　　　　　　　でいるが、ここにMyDB_Appを組み込むための方向性及び具体化を検討&lt;br&gt;検討内容&lt;br&gt;・検討中のMyDB_AppをWordpressに組み込むことを前提&lt;br&gt;・?DB登録データの編集用のエディターとしてwordpress組込み(プラグイン）のTinymce/Tinymceadvancedを&lt;br&gt;　　考えるが、DBデータ編集用のページを専用の別ページとしてTinymceを開きたい&lt;br&gt;・?Tinymce中にSVGエディターのVectrをプラグインとしてテスト検討中だが、最終的には&lt;br&gt;　　TinymceのXMLデータ上に透明なSVG画像編集用のSVGエディターとして提供可能なプラグインとしたい。&lt;br&gt;&lt;br&gt;Tryal2018.10.22　通常のhtmldocにSVGscriptを含めてhtml領域とsvg領域を重ねることを試みるも&lt;br&gt;　　　　　重ねることができず。&lt;br&gt;　　　　　Sample:SVGgraphic中のplus_svg_index65d.html、z_ind_index.htmlなど"
"39","個人事業","ツール","手書きサポート","","2018-10-22","手書きをサポートするWebアプリ","関連１：Office で図形やテキストを手描き入力する&lt;br&gt;関連４：Windows 10の「メール」アプリでインク機能がサポート 〜手書きでメモや注釈が可能&lt;br&gt;&lt;br&gt;関連２：無料なのに高機能！デザイナーに選ばれている画像編集ソフト8選&lt;br&gt;　　　　・手書きイラストなら「MyPaint」オープンソースで開発されている高機能ペイントツール。&lt;br&gt;　　　　　鉛筆、クレヨン、乾いたブラシ、ペン、絵筆、マーカー、エアブラシ、水彩筆、&lt;br&gt;　　　　　油彩筆等標準で百種類以上ものブラシを備えており、手書きイラストを作成しやすい。&lt;br&gt;&lt;br&gt;関連５：Web上で使えるSVGエディタまとめ&lt;br&gt;&lt;br&gt;関連３：Webアプリケーション&times;24選"
"41","プログラミング教室","開発アプリ","SVG","Sample","2018-10-21","描画済のSVG画像の保存、読み込と再描画の方法","関連１：外部SVGファイルを非同期で読み込み、インラインのSVGスプライトとして利用する　　　　2018.10.22　これにて描画SVGの保存方法及び読み込みと再描画の確認OK&lt;br&gt;　　　　Sample?説明冒頭のinlineSVGの作り方（php includeでもOKを確認）&lt;br&gt;　　　　htdocs/SVGgraphic中　外部svgファイル:example.svg　　再描画php:SVG_from_svgfile_01.php&lt;br&gt;　　　　　?説明中頃の外部SVGの直接&lt;use xlink:href=&quot;./example01.svg#example&quot;/&gt;の方法&lt;br&gt;　　　　　　　外部svgファイル:example01.svg　　再描画php:SVG_from_svgfile_01.html　も確認OK&lt;br&gt;　　　　　　　（但し、ブラウザはedgeのみOK)&lt;br&gt;　　　　　?説明最終部分のAjax非同期読み込みの部分については未確認&lt;br&gt;&lt;br&gt;関連６：SVGをillustratorで書き出して表示する方法&lt;br&gt;　　　　（書き出すフォーマットが分かり&rarr;読みだして再描画も分かりそう）&lt;br&gt;　　　　　書き出した描画データはHTMLelementのSVGタグの中に書き出されている。&lt;br&gt;&lt;br&gt;&lt;br&gt;関連３：html5で生成したSVGデータをSVG形式で保存したい（Teratile)&lt;br&gt;&lt;br&gt;関連２：HTML5のInline SVGをJavaScriptで操作"
"42","プログラミング教室","開発アプリ","SVG","Sample","2018-10-19","手書きで図形描画　テストOK","関連２：HTML5のインラインSVGとjQueryでお絵描き（最もピッタリの例題）　　　　Sample例題　htdocs/SVGgraphic中の　SVG_Dragline_test01＿OK.html&lt;br&gt;&lt;br&gt;関連５：SVGをもっと使いこなすために知っておきたい、HTML DOMとSVG座標の相互変換&lt;br&gt;　　　　2018.10.19　Sample例題OK　htdocs/SVGgraphic中の&lt;br&gt;　　　　　　　SVG_operate_01_OK.html　と　SVG_operate_02_OK.html&lt;br&gt;&lt;br&gt;関連３：jQueryでプラグインを使わずに、マウス位置によるスクロールアニメーションを実装してみる&lt;br&gt;　　　　（コード付き）&lt;br&gt;　　　　2018.10.19　Sample例題OK　htdocs/SVGgraphic中の　SVG_mousetest01_OK.html　&lt;br&gt;&lt;br&gt;関連６：W3C recommendation（SVGに関する部分：日本語）&lt;br&gt;&lt;br&gt;&lt;br&gt;関連１：canvas を使ってお絵かきツールを作る方法と仕組&lt;br&gt;&lt;br&gt;関連４：Canvas始めました &ndash; マウスアクション(click)を使う最初の一歩"
"43","プログラミング教室","開発アプリ","codepen","","2018-10-19","codepenでウェブ開発（Webページ埋め込みTool）","関連１：codepenでウェブ開発入門&lt;br&gt;関連４：【2017年版】&rdquo;CodePen&rdquo;の使い方＆登録方法！WordPressに貼り付け方も紹介！&lt;br&gt;&lt;br&gt;関連２：実はスゴイ「CodePen」の隠れた必殺機能の使い方をまとめてみた！"
"44","プログラミング教室","開発アプリ","SVG","","2018-10-19","SVGグラフィック描画","関連３：SVG / VML技術に基づいた、直感的なAPIを備えた軽量のJavaScriptグラフィックスライブラリです。　　　　2018.10.19　サンプルCode確認　htdocs/SVGgraphic　の　SVG_test_00_OK.html、&lt;br&gt;　　　　SVG_test_01_OK.html、SVG_test_02_OK.html、SVG_test_03_OK.htmlまでは確認&lt;br&gt;　　　　但し、SVG_test_04.htmlについてはマウスの動きに対する部分は中途（未確認）&lt;br&gt;&lt;br&gt;関連６：GraphicsJS JavaScript描画ライブラリ（APIリファレンスの別のページにある）&lt;br&gt;&lt;br&gt;&lt;br&gt;関連１：SVGを使った、軽量で強力なグラフィック描画ライブラリー「GraphicsJS」が登場。&lt;br&gt;　　　　シンプルなゲームを例に、基本的な使い方を開発者自らが解説します。&lt;br&gt;&lt;br&gt;関連４：SVGをcss/jsで操作するときに知っておきたいこと&lt;br&gt;&lt;br&gt;関連２：JavaScriptによるSVG描画 &ndash; Raphael（入門編）&lt;br&gt;&lt;br&gt;関連５：HTML5での描画を実現するSVGとCanvasを改めて比較する"
"45","プログラミング教室","Wordpress","カスタマイズ","PHP","2018-10-19","Wordpress管理画面（ダッシュボード）のカスタマイズ","関連１：WordPress：管理画面周りのカスタマイズや便利プラグインのリンク集&lt;br&gt;関連４：WordPress 管理画面のカスタマイズ まとめ"
"46","プログラミング教室","Web開発","WebStorage","","2018-10-18","Web Storage(local storage,session storgage)","関連１：【HTML5】Web Storageを掘り下げてみよう----local storage,session storgageかなり詳しい　　　　　2018.10.19Sampleのテストを実施しOKを確認&lt;br&gt;　　　　　Localhost/Storgage/　のstorage_get_test_01_OK.html　と　storage_get_test_02_OK.html&lt;br&gt;&lt;br&gt;配列的な変数をStorageに保存する方法&lt;br&gt;関連２：localStorageで複数のデータを保存する&lt;br&gt;&lt;br&gt;関連５：配列をStorageに保存する−JavaScript入門（HTML5編）&lt;br&gt;&lt;br&gt;&lt;br&gt;&lt;br&gt;関連４：ブラウザでストレージ？ Web Storageを使いこなそう&lt;br&gt;&lt;br&gt;関連３：ブラウザにデータを保存するlocalStorage（ローカルストレージ）の使い方&lt;br&gt;&lt;br&gt;関連６：WebStorageで1回目のアクセス時のみモーダルを表示する&lt;br&gt;&lt;br&gt;//初回か否かの判定にsessionstorageを使う方法&lt;br&gt;let key = &#039;access_count&#039;;&lt;br&gt;if(!window.sessionStorage.getItem(key)){&lt;br&gt;    // &lt;= セットされてなければnullなのでこのブロックに入る。&lt;br&gt;    // 初回なのでsessionStorageに値を格納&lt;br&gt;    window.sessionStorage.setItem(key, 1);&lt;br&gt;    // そのほか必要な処理&lt;br&gt;}else{&lt;br&gt;    // 初回以外の処理&lt;br&gt;}&lt;br&gt;&lt;br&gt;SessionStorageからデータを削除する&lt;br&gt;// データの削除&lt;br&gt;sessionStorage.removeItem(&#039;access_count&#039;);&lt;br&gt;window.sessionStorage.removeItem(&#039;access_count&#039;);&lt;br&gt;&lt;br&gt;SessionStorageの初期化&lt;br&gt;// データを削除&lt;br&gt;sessionStorage.clear();&lt;br&gt;window.sessionStorage.clear();"
"47","プログラミング教室","Web開発","$_COOKIE","","2018-10-18","Web開発と履歴($_SESSIONと$_COOKIE)の使い方","関連１：クライアントにデータを保存する&lt;br&gt;関連４：WebAPIについての説明&lt;br&gt;&lt;br&gt;関連２：スーパーグローバル変数&lt;br&gt;&lt;br&gt;関連５：【PHP入門】徹底解説！PHPでセッションを使う方法〜基本から応用まで&lt;br&gt;&lt;br&gt;関連３：$_SESSIONと$_COOKIEの使い方&lt;br&gt;&lt;br&gt;関連６：【WebStorage】LocalStorageとSessionStorageの使い方"
"48","プログラミング教室","Web開発","Nodejs","","2018-10-16","Nodejsについて","関連１：初心者向け！3分で理解するNode.jsとは何か?&lt;br&gt;関連４：Node.js&reg; とは#（Nodejs委員会）&lt;br&gt;&lt;br&gt;関連２：【入門編】Node.JSとは|4つの特徴とおすすめ教材6選"
"49","プログラミング教室","Web開発","server&amp;client","","2018-10-16","サーバーかクライアントか","関連１：Tomcatを使う「JSPプログラミング」（1）：JSPの特徴を理解する&lt;br&gt;関連４：仮想化、マッシュアップ&hellip;パソコンへの要求はまだ増える&lt;br&gt;&lt;br&gt;関連２：基礎から学ぶサーブレット／JSP（1）：サーブレット／JSPの役割を理解する (1/4)&lt;br&gt;&lt;br&gt;関連５：Java技術によるWebアプリケーション開発入門（１〜８）"
"50","プログラミング教室","Web開発","My_DB仕様","","2018-10-12","wordpress My_DBプロジェクト（３）","関連４：PHPでフォームからデータを受け取る方法（GETとPOST）　　　　isset($_POST（？？？？））を見るタイミングとの関連でフォーム全体か&lt;br&gt;　　　　送信などのボタンに関連しているinputタグ内の物のみか。&lt;br&gt;　　　　サンプル：App_html中のSimple_post_test01.php、Post_test_new.php、&lt;br&gt;　　　　　　　　　DBアプリに近い形ではMyDB_show_echo_comp_POST.php（Javascript定義後）などで&lt;br&gt;　　　　　　　　　formタグで囲まれた範囲内のinputデータは&lt;input type=&quot;submit&quot;&gt;操作でキャッチ&lt;br&gt;　　　　　　　　　できることを確認した。&lt;br&gt;　　　　また、上記操作をソフト的に可能なことは関連２で可能な模様&lt;br&gt;　結論：?formタグ中の&lt;input type=&quot;submit&quot; style=&quot;display:none&quot;&gt;として送信のIconを消す。&lt;br&gt;　　　　?ナビメニューで　&lt;li id=&quot;menu02&quot;&gt;&lt;a href=&quot;!#&quot; onclick=&quot;$(&#039;form&#039;).submit()&quot;&gt;&lt;br&gt;　　　　　　抽出&lt;/a&gt;&lt;/li&gt;とすることでメニュー上のボタンでinput submitを発行でき、&lt;br&gt;　　　　　　inputデータをPOSTすることが出来た。&lt;br&gt;&lt;br&gt;関連１：aタグの意味と使い方&lt;br&gt;　　　　href=&quot;外部URL&quot;が普通だが、href&quot;#ABC&quot;とすると内部のid=ABCに移動する。&lt;br&gt;　　　　Href=&quot;#&quot; はページTopに移動。　Href=&quot;#!&quot; はどこにも移動出来ない。&lt;br&gt;&lt;br&gt;関連２：JavaScriptのsubmitイベントで、フォーム送信をコントロールしよう&lt;br&gt;関連５：【jQuery入門】submitの送信処理、action ・ボタン操作まとめ！&lt;br&gt;&lt;body&gt;&lt;br&gt;&lt;form&gt;&lt;br&gt;    &lt;input type=&quot;text&quot;&gt;&lt;br&gt;    &lt;input type=&quot;submit&quot; value=&quot;送信&quot;&gt;&lt;br&gt;&lt;/form&gt; &lt;br&gt;&lt;script&gt;　　　　　　　　　　　　　　　　　　//form submitを実行するscript&lt;br&gt;$(&#039;form&#039;).submit(function() {&lt;br&gt;    console.log(&#039;送信しました！&#039;);&lt;br&gt;});&lt;br&gt;$(&#039;button&#039;).click(function() {　　　　　　　//form submitを他のボタンに任せる&lt;br&gt;    $(&#039;form&#039;).submit();&lt;br&gt;});&lt;br&gt;&lt;br&gt;&lt;br&gt;&lt;br&gt;&lt;br&gt;　　　　"
"51","プログラミング教室","Web開発","言語リファレンス","","2018-10-08","Web系言語のリファレンスカード","関連１．PHP言語のリファレンス関連４：PHP関数リファレンス&lt;br&gt;&lt;br&gt;&lt;br&gt;関連２：HTMLリファレンス&lt;br&gt;&lt;br&gt;関連５：CSSリファレンス&lt;br&gt;&lt;br&gt;関連３：Javascriptリファレンス"
"52","プログラミング教室","Web開発","server&amp;client","","2018-10-06","ブラウザ開発ツールによるデバッグ","関連１：Chrome DevToolsを使いこなそう！ Web開発に必須なブラウザ開発ツールによるデバッグの基本"
"53","プログラミング教室","Web開発","My_DB仕様","","2018-10-06","PHPとJavascript間での変数の渡し","関連１：PHPからJavaScriptへの変数渡し　　　　Sample:htdocs/Javas_Samp/Lang_Basic/Var_Php_To_Ja_simp01.php（含むphp配列からJs配列）&lt;br&gt;　　　　　　含む関連５：PHPからJavaScriptに配列を渡す（JSON経由）&lt;br&gt;　　　　　　　:Ja_write_01.html　はJavascriptからの出力document.write()の例&lt;br&gt;&lt;br&gt;関連４：CakePHP3 + jsで連動するセレクトボックスをつくる&lt;br&gt;　　　　注：記事Sample上で  &lt;?= $this-&gt;Html-&gt;script([&#039;selectbox&#039;]) ?&gt; の不明部分があり&lt;br&gt;　　　　未だ解明できず。（いずれ要再検討）&lt;br&gt;&lt;br&gt;関連５：PHPからJavaScriptに配列を渡す−−−−関連１のSampleで確認済み&lt;br&gt;&lt;br&gt;関連３：PHPからJavaScriptに変数を渡す方法、JavaScriptからPHPに変数を渡す方法&lt;br&gt;　　　　後半のJavascriptからPHPへの変数渡しをWordpressを経由しての例題は&lt;br&gt;　　　　近いうちにトレース必要&lt;br&gt;&lt;br&gt;関連６：[PHP, JS]jQueryのAjaxによるPHP、Javascript間の送受信(JSON)&lt;br&gt;　　　　Sample:htdocs/Javas_Samp/Php_Js_Samp/Ajax_Jq_simp01.html　&hArr;　Jq_simp01.php　確認済&lt;br&gt;&lt;br&gt;　　　　参考：所有書籍（Javascript　Web開発　chap10のAjax例題）&lt;br&gt;　　　　Sample:htdocs/Javas_Samp/Php_Js_Samp/Ajax_simple_01.html　&hArr;　simple_01.php　確認済"
"54","プログラミング教室","Web開発","My_DB仕様","","2018-09-30","wordpress My_DBプロジェクト（２）","?DB_handlingのUI（HTML)を検討　C:xampphtdocsWP_APPApp_html 中にindex.htmlを準備　＊テーブルにスクロールバーを付ける　&lt;br&gt;　　関連１：＜テーブル＞　　*　 テーブル・セルにスクロールバーをつける　*　でOK&lt;br&gt;　＊MySQLからqueryしたdataをテーブルとし、php化した場合に問題発生　&rarr;　cssが機能していない&lt;br&gt;　　&rarr;CSSファイルを絶対パスとして設定することで解決。&lt;br&gt;　　&rarr;CSSファイルの相対パス指定方法も理解したが、htmlとphpでは違う。（ディベロッパーツールで確認）&lt;br&gt;　　&rarr;また、&lt;script src=&quot;https://ajax.googl・・・　の指定順番によりエラー発生ともなるので要注意&lt;br&gt;　＊MySQL　queryのDataテーブルに入力項目（選択可能な削除など）を付加して出力する方法&lt;br&gt;　　参考　関連２：PHPでデータの更新・削除画面を作るには  --------この方法で付加OK&lt;br&gt;　　また、関連５：PHPで文字列をHTMLに出力するいくつかの方法　　　にある方法でＯＫ&lt;br&gt;　　　localhost/APP/App_html/MyDB_show_echo_OK　及び&lt;br&gt;　　　localhost/APP/App_html/MyDB_show_here_OK　にて確認済み。&lt;br&gt;　＊関連３：PHP 配列関数（要素の追加･削除･取出・埋め、重複削除）&lt;br&gt;&lt;br&gt;今後の課題&lt;br&gt;?theme.bunrui1,bunrui2,bunrui3をドロップダウンリストとして選択しを&lt;br&gt;　Data_Baseレコードの追加・変更・削除によって動的に変化させる方法及び選択肢がない場合は&lt;br&gt;　そのフィールドに書き込むことが可能なようにする方法の確立&lt;br&gt;&lt;br&gt;?ドロップダウンリストで選択された項目に対してのSelect文（Query)を生成する方法の確立&lt;br&gt;&lt;br&gt;?レコードの追加、変更、削除の入力フォームと処理プログラムの作成&lt;br&gt;　及びQuery画面及びQueryリスト出力のプログラム作成&lt;br&gt;&lt;br&gt;?関連１：＜テーブル＞　　*　 テーブル・セルにスクロールバーをつける　*　&lt;br&gt;　関連４：[jQuery UI] MySQL から取得したデータをドラッグで並び替える"
"55","プログラミング教室","Web開発","My_DB仕様","コンボボックス","2018-09-28","コンボボックス（２）関連５．６：採用","関連６：[JavaScript]セレクトボックスの選択肢を連動させる（選択肢の数も変更可能）　　　　注：最終的に掲載のJSソースをCopyして採用　　　&lt;br&gt;&lt;br&gt;関連２：jQuery EasyUI のコンボボックス(ComboBox)を使う&lt;br&gt;　　　　入力が可能で選択肢の増減も可能　&rarr;　後はスライダー付きに出来るか。&lt;br&gt;　　　　&rarr;項目を増やして確認すると規定の大きさを超えるとスライダーが現れたのでこれでOK&lt;br&gt;　　　　varCombo03.html としてデモ版導入済&lt;br&gt;関連３：JavaScriptとCSSでカレンダーのドロップダウンリスト（スクロールバー付）を実装する&lt;br&gt;&lt;br&gt;関連５：セレクトボックスに項目の追加、削除（今回はこの方法を採用する）&lt;br&gt;　　// すべてのアイテムを削除&lt;br&gt;　　var selectBox = document.myForm.sampleSelect;&lt;br&gt;　　for (var i=selectBox.options.length; i&gt;0; i--) {&lt;br&gt;　　  selectBox.options[i-1] = null;&lt;br&gt;　　}&lt;br&gt;　　// 配列の内容をアイテムに追加&lt;br&gt;　　var items     = new Array(&quot;い&quot;, &quot;ろ&quot;, &quot;は&quot;, &quot;に&quot;, &quot;ほ&quot;, &quot;へ&quot;, &quot;と&quot;);&lt;br&gt;　　var selectBox = document.myForm.sampleSelect;&lt;br&gt;　　var itmIndex  = selectBox.options.length - 1;&lt;br&gt;　　for (var i=0; i&lt;items.length; i++) {&lt;br&gt;　　  itmIndex++;&lt;br&gt;　　  selectBox.options[itmIndex] = new Option(items[i], itmIndex);//new Option(label,value)&lt;br&gt;　　}&lt;br&gt;関連１：【Ext JS】入力可能なコンボボックスの作成&lt;br&gt;&lt;br&gt;関連４：テキスト入力・メニュー選択どちらもできるdatalist要素を使ったフォームの作り方"
"56","プログラミング教室","Web開発","My_DB仕様","","2018-09-27","wordpress My_DBプロジェクト（１）","?Data_baseとTable　・Data_BaseはWordpressで使用するものを採用＝今回はc:￥xamppのMySQL中のwp-01&lt;br&gt;　・Tableはwp_mydb&lt;br&gt;　　フィールド定義は　id,theme,bunrui1,bunrui2,bunrui3,regday,author,&lt;br&gt;　　　　　　　　　　　overview,description,remark1,remark2,remark3,remark4&lt;br&gt;　（初期のDB&amp;Tableの作成はMySQL Adminにて実施）&lt;br&gt;?初期データの作成　　C:xampphtdocsWP_APPApp 中のMyDB_csvTosql.php&lt;br&gt;　・AccessデータをExcelにエクスポート　&rarr;　CSVに変換&lt;br&gt;　・CSV読み込みとMySQL Tableへのdata挿入プログラムはMyDB_add.php&lt;br&gt;　・文字列に含めない文字（エスケープ処理が必要な文字）&lt;br&gt;　　&yen;0    ASCII 0(NUL)文字　　&yen;&#039;    単一引用符 (&#039;)文字　　&yen;&quot;    二重引用符(&quot;)文字&lt;br&gt;　　&yen;b    バックスペース文字　&yen;n    改行文字(LF)　　　　　 &yen;r    復帰改行文字&lt;br&gt;    &yen;t    タブ文字            &yen;Z    ASCII 26 (Control-Z)  &yen;&yen;    &#039;&yen;&#039;文字そのもの&lt;br&gt;    &yen;%    &#039;%&#039; 文字            &yen;_    &#039;_&#039; 文字&lt;br&gt;　　関連１：SQL 文中で用いる文字列の特殊文字をエスケープする　に従い&lt;br&gt;　　　　　$query=mysqli_real_escape_string($qString);　$qString　&rarr;　$query　に変改してOK&lt;br&gt;　要注意:2018.11.01DBデータ初期化時にcheck不足で入力されたエスケープ文字でDB内部データと&lt;br&gt;　　　　表示文字(es(変数))とが違うことがあり、暫しの時間を費やす。&lt;br&gt;　　　関連４：文字列をエスケープ・アンエスケープ - addslashes()、stripslashes()&lt;br&gt;&lt;br&gt;?DBデータの出力（確認用）　C:xampphtdocsWP_APPApp 中のMyDB_show.php&lt;br&gt;今後の課題&lt;br&gt;?theme.bunrui1,bunrui2,bunrui3をドロップダウンリストとして選択しを&lt;br&gt;　Data_Baseレコードの追加・変更・削除によって動的に変化させる方法及び選択肢がない場合は&lt;br&gt;　そのフィールドに書き込むことが可能なようにする方法の確立&lt;br&gt;&lt;br&gt;?ドロップダウンリストで選択された項目に対してのSelect文（Query)を生成する方法の確立&lt;br&gt;&lt;br&gt;?レコードの追加、変更、削除の入力フォームと処理プログラムの作成&lt;br&gt;　及びQuery画面及びQueryリスト出力のプログラム作成&lt;br&gt;&lt;br&gt;&lt;br&gt;&lt;br&gt;&lt;br&gt;&lt;br&gt;　　"
"57","プログラミング教室","Web開発","PHP&amp;MySQL","","2018-09-27","PHPによるMySQL操作","関連１：PHP MySQLデータベース&lt;br&gt;関連４：MySQLでデータベースを作成したり削除したりする基本的なSQL文&lt;br&gt;&lt;br&gt;関連２：MySQLデータベースを破棄(削除)する&lt;br&gt;&lt;br&gt;関連５：jQuery と PHP を使って Ajax で駆動する Web ページを作成する&lt;br&gt;&lt;br&gt;関連３：データベースに接続！PHPでMySQLを扱う方法【初心者向け】&lt;br&gt;&lt;br&gt;関連６：PHP Labo MySQLの基本的な操作"
"58","プログラミング教室","Web開発","PHP&amp;MySQL","","2018-09-25","PHPからcsvファイル／Excelファイルの読み込み","&lt;br&gt;関連１：なんちゃってウェブ系エンジニアの備忘録&lt;br&gt;　　　　PHPExcelを使ってExcelの中身を取得する&lt;br&gt;&lt;br&gt;関連４：PHPExcelの使い方・エクセル操作方法のまとめ&lt;br&gt;&lt;br&gt;関連２：MySQL -データベース操作に強くなる-&lt;br&gt;&lt;br&gt;関連５：CodeIgniter は PHP を使って Web サイトを構築する人向けの&lt;br&gt;　　　　アプリケーション 開発フレームワーク - ツールキット &lt;br&gt;　　　　データベースフォージクラス：データベースを管理するメソッドを 搭載しています。"
"60","プログラミング教室","Web開発","エディター","","2018-09-21","Webアプリに組込み可能なエディター","関連１：Webサイトにマークダウンエディタを組み込みたい。そうだ！「SimpleMDE」を使おう！&lt;br&gt;関連４：ブラウザで見たままテキスト編集ができる組み込み型HTML5エディタ&lt;br&gt;　　　　「AlohaEditor」 【@maskin】&lt;br&gt;&lt;br&gt;関連２：Yii TinyMCE textarea編集にjQuery版TinyMCEを組み込む&lt;br&gt;&lt;br&gt;関連５：TinyMCEを設置する----参考になりそう"
"61","プログラミング教室","Web開発","My_DB仕様","PHP","2018-09-20","Wordpressでコンボボックスなど","関連６：使いづらいフォームを劇的に改善！セレクトボックス系jQueryプラグイン13選　　　　各種の方法を入手可能？？&lt;br&gt;&lt;br&gt;&lt;br&gt;関連３：JavaScript入門 ＞ セレクトボックスの操作&lt;br&gt;　　　　この記事にある例題をWordpress下で実施ＯＫ。とりあえずこの方法で検討。&lt;br&gt;&lt;br&gt;&lt;br&gt;関連１：wordpressカスタムフィールドの設定手順（表示・取得）と、&lt;br&gt;　　　　プラグイン：「カスタムフィールドテンプレート」の使い方&lt;br&gt;&lt;br&gt;関連４：WordPress&gt;プラグイン&gt;ワードプレスのプラグインContact Form 7のドロップダウンメニューの&lt;br&gt;　　　　デフォルト値のカスタマイズ方法&lt;br&gt;&lt;br&gt;関連２：WordPress で jquery.ajax-combobox の選択肢が表示されないときの回避策&lt;br&gt;&lt;br&gt;&lt;br&gt;関連５：投稿のカテゴリーやタグをドロップダウンリスト（select）で表示する&lt;br&gt;&lt;br&gt;https://www.webprofessional.jp/13-jquery-selectboxdrop-down-plugins/"
"62","プログラミング教室","Wordpress","カスタマイズ","PHP","2018-09-16","ユーザ登録＆My_workのDB作成関連のカスタマイズ練習","2018.9.16作業着手?Login関連は　関連１：[WordCamp資料]WordPressでWebアプリケーションを作る方法〜Croppy編〜&lt;br&gt;　などを参考に検討予定&lt;br&gt;　・Social Connectを使用する方法は最新のwordpressには対応出来ない模様&lt;br&gt;　・フォロー、フォロアー項目の管理画面への追加テストはOK&lt;br&gt;&lt;br&gt;?DB関連では　関連２：自作テーブルの追加からデータ取得まで！WordPressで別Tableを使う方法　&lt;br&gt;　　　　　　　関連４：wpdb関数でWordPress上からデータベースを操作する　など参考予定&lt;br&gt; 　　　　　　　　　　（別記事：WordPressの投稿・固定ページでPHPを実行するには）&lt;br&gt;    2018.9.18　WP内及びWP外のテーブルからのSELECTがOK&lt;br&gt;&lt;?php&lt;br&gt;$db_user   = $wpdb-&gt;dbuser;	//データベース接続ユーザーの取得&lt;br&gt;$db_passwd = $wpdb-&gt;dbpassword;	//データベース接続用パスワードの取得&lt;br&gt;$db_host   = $wpdb-&gt;dbhost;	//データベースホストの取得&lt;br&gt;$db_name   = &quot;wp-products&quot;;	//使用するデータベース名&lt;br&gt;$other_wpdb = new wpdb($db_user, $db_passwd, $db_name, $db_host);&lt;br&gt;　　＊WP内の追加テーブルからの場合&lt;br&gt;global $wpdb;&lt;br&gt;foreach ($wpdb-&gt;tables as $key =&gt; $value) {&lt;br&gt;  echo &#039;[&#039; . $key . &#039;]&#039; . $value .&#039;  &#039;;　　}&lt;br&gt;$id=1;&lt;br&gt;$results = $wpdb-&gt;get_results( $wpdb-&gt;prepare(&#039;SELECT * FROM `wp_product` WHERE %d&#039;,$id));&lt;br&gt;echo count($results);&lt;br&gt;for($i = 0 ; $i &lt; count($results); $i++){&lt;br&gt;    echo $results[$i]-&gt;name;}&lt;br&gt;　　＊WP外に追加したDBとテーブルからの場合&lt;br&gt;$id=1;&lt;br&gt;$results = $other_wpdb-&gt;get_results( $other_wpdb-&gt;prepare(&#039;SELECT * FROM `wp_outer` WHERE %d&#039;,$id));&lt;br&gt;echo count($results);&lt;br&gt;for($i = 0 ; $i &lt; count($results); $i++){&lt;br&gt;    echo $results[$i]-&gt;name;}&lt;br&gt;?&gt;&lt;br&gt;?PHPコード（wordpress経由なし)でMySQLへアクセス　&larr;　2018.9.21成功&lt;br&gt;　　プログラム：c:xampphtdocsPHPMYSQLPart77-5Wp_dbtest_Rv01.phpとmysql2_new.php&lt;br&gt;　　注：オリジナルではDBファイルのOpenが出来ないので直接mysql_connectへアクセス"
"63","プログラミング教室","Wordpress","プラグイン","","2018-09-15","WordPressのプラグイン各種","関連１：WordPress初心者におすすめの超便利な機能別プラグイン60選&lt;br&gt;関連４：WordPressの優良プラグイン50選【ブログ運営を効率化できる】&lt;br&gt;&lt;br&gt;関連２：WordPress公式ページ・プラグイン（56,013個のプラグインで WordPress を拡張しましょう。）"
"64","プログラミング教室","Wordpress","CSS","","2018-09-11","Bootstrapの学習、実テンプレート","&lt;a href=&quot;https://www.sejuku.net/blog/7411&quot; class=&quot;aloha-link-text&quot; hreflang=&quot;&quot; target=&quot;_self&quot;&gt;関連５：2018年最新！Bootstrap良質テンプレート19選&lt;/a&gt;【無料/有料/日本語別】&lt;br&gt;&lt;a href=&quot;https://www.w3schools.com/bootstrap/default.asp&quot; class=&quot;aloha-link-text&quot; hreflang=&quot;&quot; target=&quot;_self&quot;&gt;関連３：w3schools.com&lt;/a&gt;（Bootstrap 3 Tutorial）−−−−学習に良さそう。&lt;br&gt;&lt;br&gt;&lt;a href=&quot;https://getbootstrap.com/docs/3.3/css/#grid&quot; class=&quot;aloha-link-text&quot; hreflang=&quot;&quot; target=&quot;_self&quot;&gt;関連１：公式Bootstrapページ&lt;/a&gt;（getbootstrap.com)&lt;br&gt;&lt;br&gt;&lt;a href=&quot;https://qiita.com/higuma/items/e6c51c8dd21760771439&quot; class=&quot;aloha-link-text&quot; hreflang=&quot;&quot; target=&quot;_self&quot;&gt;関連４：Bootstrap 3 学習ノート&lt;/a&gt;&lt;br&gt;&lt;br&gt;&lt;a href=&quot;https://www.i3design.jp/in-pocket/3533&quot; class=&quot;aloha-link-text&quot; hreflang=&quot;&quot; target=&quot;_self&quot;&gt;関連２：Bootstrapではじめる&lt;/a&gt;「簡単＆美味しいサイト」の作り方　〜実制作物つき！〜&lt;br&gt;　　　　例題HTMLは・・・￥xampphtdocsJavaS_sampBootstrapデモ&lt;br&gt;&lt;br&gt;&lt;br&gt;（所有書籍）Javascriptの新しい教科書のサンプル例題　9.06,9.07&lt;br&gt;　　　　　例題HTMLは・・・￥xampphtdocsJavaS_sampJS_NextTextLesson9"
"67","ソフト技術","Web開発","RubyRails","資料","2018-09-10","Ruby on Railsの注目記事＆資料","関連１：ぞえの技術めも（Ruby on Rails勉強中）"
"68","ソフト技術","Web開発","RubyRails","Validation","2018-09-09","Ruby on Railsのテスト、検証など","関連１：Rails テスティングガイド&lt;br&gt;関連２：Active Record バリデーション（Rails Guide）&lt;br&gt;&lt;br&gt;関連４：RailsにおけるValidationの処理をまとめてみた"
"69","ソフト技術","Web開発","RubyRails","運用","2018-09-07","AWS Cloud9によるRuby on Rails","関連１：AWS Cloud9へのLogin（2017/10/14のRuby on Rails参照）　・AWSアカウント&lt;br style=&quot;&quot;&gt;&lt;br&gt;関連２：Ruby on Rails チュートリアル&lt;br&gt;&lt;br&gt;関連４：&lt;a href=&quot;https://www.yahoo.co.jp/&quot; class=&quot;aloha-link-text&quot; hreflang=&quot;&quot; target=&quot;_self&quot;&gt;Cloud9からbitbucketへpushする方法&lt;br&gt;&lt;/a&gt;&lt;br&gt;&lt;br&gt;&lt;br&gt;関連６：プログラミング言語 Ruby リファレンスマニュアル"
"70","プログラミング教室","Wordpress","プラグイン","PHP","2018-09-02","wordpressとデータベース（MySQL)","関連１：wpdb道場 (1) 〜はじめての$wpdb〜&lt;br&gt;関連４：WordPressでWebサービス作ったよ！のまとめ&lt;br&gt;&lt;br&gt;関連２：WordPressでマッチングサービスを3日で作ってリリースした話&lt;br&gt;&lt;br&gt;関連５：エンジニアの為のWordPress入門 〜WordPressはWebAppプラットフォームです〜&lt;br&gt;　　　　（解説スライド）　　備わる"
"71","プログラミング教室","PHP","PHP&amp;MySQL","","2018-08-31","PHP文法、サンプル、テクニック各種","関連１：WebサイトWepicksのPHP関連"
"72","プログラミング教室","Wordpress","プラグイン","PHP","2018-08-30","プラグインの作成試験","関連１：WordPressのプラグインを開発しよう（初級編）　　　2018.8.30　関連１と全く同じfunction show_text()を作成し、プラグイン化し有効化。&lt;br&gt;　　　　　　　　　Index.php中に&lt;?php　show_text(); ?&gt;の効果を確認した。（関連１の前半部）&lt;br&gt;　　　　さらに後半?&lt;br&gt;　　　　class ShowText {&lt;br&gt;    　　　function __construct() {&lt;br&gt;      　　　　add_action(&#039;admin_menu&#039;, array($this, &#039;add_pages&#039;));　　}&lt;br&gt;    　　　function add_pages() {&lt;br&gt;      　　　　add_menu_page(&#039;テキスト設定&#039;,&#039;テキスト設定&#039;,  &#039;level_8&#039;, __FILE__, 　　　　　　　array($this,&#039;show_text_option_page&#039;), &#039;&#039;, 26);　　}&lt;br&gt;    　　　function show_text_option_page() {&lt;br&gt;    　　　　　//オブション画面に表示する内容　　　}　　　　}&lt;br&gt;　　　　$showtext = new ShowText;&lt;br&gt;&lt;br&gt;　　　　MySQLのwp-optionsの464の中に　a:1:{s:4:&quot;text&quot;;s:18:&quot;さしすせそ_05&quot;;}　&lt;br&gt;　　　　なる入力項目を確認した。&lt;br&gt;&lt;br&gt;関連２：プラグイン一覧&lt;br&gt;関連４：プラグインAPI（アクションフック、フィルターフック）&lt;br&gt;関連５：wordpressの私的マニュアル　　　　&lt;br&gt;関連３：関数リファレンス/check admin referer&lt;br&gt;関連６：WordPressプラグイン作成"
"73","個人事業","開発アプリ","アイデア","","2018-08-28","WordpressプラットフォームでMy_Data_Base（手書き＆HTMLとMySQL）","１．Wordpressで使用しているDBにMy_Data_BaseのTableを作成しMy歴史を残す。&lt;br&gt;２．My_Data_Base作成用のエディターとして特定の固定ページを利用してHTML記述が使える&lt;br&gt;　　Wordpressで使用しているTinyMCEなどのエディターを使えるようにする。&lt;br&gt;３．構想だが、更にGraphicalエディター（SGV)を文書に重ね書きすることを可能とし、&lt;br&gt;　　絵的なコメントやアイデア図などを残す。"
"74","プログラミング教室","Web開発","Graphic","","2018-08-28","HTML5のCanvasで作る、Flash不要のお絵かきツール","関連１：HTML5のCanvasで作る、Flash不要のお絵かきツール&lt;br&gt;関連４：無料デスクトップ落書きソフト一覧&lt;br&gt;&lt;br&gt;関連２：Tablet PC 上で対話型の手書き Web ページを作成する"
"75","プログラミング教室","Wordpress","プラグイン","PHP","2018-08-28","オリジナルのデータベース（テーブル）","関連１：WordPressでオリジナルのデータベース（テーブル）を作成する [プラグイン開発中級編]&lt;br&gt;関連４：プラグインでデータベーステーブルを作る&lt;br&gt;&lt;br&gt;関連２：WordpressでMYSQLに接続するソースコードを教えてください。&lt;br&gt;&lt;br&gt;関連５：関数リファレンス/wpdb Class&lt;br&gt;&lt;br&gt;関連３：WordPressのwpdbクラスを使ってテーブル操作&lt;br&gt;　　　　wpdbクラス−−−wp-includes/wp-db.php内&lt;br&gt;&lt;br&gt;関連６：WordPressでシステム開発をする時に必要なクエリ操作について"
"76","プログラミング教室","ツール","Develop","","2018-08-28","Chromeディベロッパーツールの機能と使い方","関連１：要素の検証（デベロッパーツール）の使い方！初心者がカスタマイズできる方法！HTMLとCSS入門編&lt;br&gt;関連４：HTMLとは！HTMLタグとCSSのセレクタの関係、1人でカスタマイズできる為の近道"
"77","プログラミング教室","Wordpress","オリジナルテーマ","","2018-08-28","Wordpress開発各種（含むSEO)","関連１：WordPressカスタマイズ − 究極データベース&lt;br&gt;関連４：WordPressのSEOを強化する！プロが教える8つの設定&lt;br&gt;&lt;br&gt;関連２：WordPressによるWebアプリケーション開発（書籍）"
"79","プログラミング教室","HTML・CSS","Web開発","debug","2018-08-27","画像の下に謎の余白","関連１：【CSS】画像の下に謎の余白ができちゃう問題を解決する方法"
"80","HomePage","MyPage","運用","","2018-08-25","Home Pageの新運用：XAMPP中のWordpressへの移行","2018.8.25検討サーバWP&rarr;（Local）新InstantWP&rarr;XAMPP中のLocal WPは可能か？"
"81","プログラミング教室","HTML・CSS","Web開発","debug","2018-08-23","CSSの修正＆確認方法","関連１：CSSが効かない・反映されないときの対処法まとめ&lt;br&gt;関連４：【CSS】決定版！リセットCSS総まとめ"
"82","プログラミング教室","Wordpress","洗練","","2018-08-23","Simple CSS 見栄え良いテーマ＆テクニック","関連１：2018年、おすすめの無料WordPressテーマ100選&lt;br&gt;関連４：SEOブロガーがこだわり抜いた、WordPressプラグイン＆テクニック10選&lt;br&gt;&lt;br&gt;関連２：制作会社を頼らずWordPressでホームページを作るメリット10個&lt;br&gt;&lt;br&gt;関連５：スタイルシート1 - スタイル設定の方法&lt;br&gt;&lt;br&gt;関連３：2018年最新版！手軽なのにユニークなCSSフレームワーク5選&lt;br&gt;&lt;br&gt;関連６：【爆速】HTML5 + CSS3で簡単にWebデザインしよう！"
"83","プログラミング教室","Wordpress","オリジナルテーマ","","2018-08-22","自作ウィジェット作成・カスタマイズ方法","ウィジェットのカスタマイズの基本はregisterにて名前（タグ名）指定、表示形式（詳細今後）と表示場所をStyle.cssのタグ名を揃えることにある。（ウィジェットの中身は無ければプラグイン作成？）&lt;br&gt;?functions.php中に&lt;br&gt;　　	register_sidebar(　array(&lt;br&gt;　　			&#039;id&#039; =&gt; &#039;sidebar&#039;,−−−−−−−−タグ名となる&lt;br&gt;　　			&#039;before_widget&#039; =&gt; &#039;&lt;div class=&quot;widget&quot;&gt;&#039;,&lt;br&gt;　　			&#039;after_widget&#039; =&gt; &#039;&lt;/div&gt;&#039;,&lt;br&gt;　　			&#039;before_title&#039; =&gt; &#039;&lt;h3&gt;&#039;,&lt;br&gt;　　			&#039;after_title&#039; =&gt; &#039;&lt;/h3&gt;&#039;,　）　);　を登録する&lt;br&gt;?sidebar.phpを作り&lt;br&gt;　　	&lt;div id=&quot;sidebar&quot;&gt;&lt;br&gt;	  　　　 &lt;?php dynamic_sidebar(&#039;sidebar&#039;); ?&gt;&lt;br&gt;　　	&lt;/div&gt;&lt;!-- /sidebar --&gt;　　　　　　　　　　　とする。&lt;br&gt;?wordpressのウィゲットに採用ウィゲットを登録する。&lt;br&gt;?Style.css上に　＃sidebar　として表示位置などを定義する（但し、高さの指定がいまだ不明）&lt;br&gt;　　&lt;br&gt;&lt;br&gt;関連１：WordPressでウィジェットを編集する方法【初心者向け】&lt;br&gt;&lt;br&gt;関連４：WordPressで自作のウィジェットを作成・カスタマイズする方法&lt;br&gt;&lt;br&gt;関連２：WordPress ウィジェットを追加作成するカスタマイズ。サイドバー以外にも置けるよ。&lt;br&gt;&lt;br&gt;関連５：[WordPress]ウィジェットとサイドバーのカスタマイズ方法&lt;br&gt;&lt;br&gt;関連３：Codex　テーマのウィジェット対応"
"84","プログラミング教室","Wordpress","オリジナルテーマ","","2018-08-22","Wordpressアイキャッチ画像","関連１：WordPressでアイキャッチ画像を設定する方法【初心者向け】"
"85","プログラミング教室","Wordpress","オリジナルテーマ","","2018-08-22","CSSリセットとReboot.css","関連１：2018年おすすめのCSSリセット！「Reboot.css」の特徴と使い方を解説"
"86","プログラミング教室","Wordpress","オリジナルテーマ","","2018-08-20","WordPress文字化け","関連１：WordPress ワードプレスの文字化け対策"
"87","プログラミング教室","HTML・CSS","Web開発","","2018-08-17","HTMLとCSSの実践（含むレスポンシブ）","関連１：WEBデザイン・プログラミングをビジネスで活かそう（練習問題）&lt;br&gt;関連４：HTML・CSS応用練習問題&lt;br&gt;&lt;br&gt;関連２：スタイルシート（CSS）の基本的な書き方【初心者向け】&lt;br&gt;&lt;br&gt;関連５：HTMLとCSSの基本をサルでもわかるようにまとめた【入門・初心者向け】&lt;br&gt;&lt;br&gt;関連３：一気に教えるプログラマーのためのレスポンシブHTMLコーディング&lt;br&gt;&lt;br&gt;関連６：初心者も分かる！レスポンシブ・デザインの作り方"
"88","プログラミング教室","Wordpress","レスポンシブ","","2018-08-17","無料レスポンシブテーマ","関連１：【無料】レスポンシブ対応！高品質なワードプレステンプレート50選+48選まとめ。&lt;br&gt;関連４：初心者におすすめ！無料・有料で使えるWordPressのテーマ30選【日本語対応のみ】&lt;br&gt;&lt;br&gt;関連２：WordPress 無料テーマ&amp;テンプレート紹介サイト「テーマタンク」&lt;br&gt;　　　　Oxygen 4.5　　Travelity 4.2　　Attitude 4&lt;br&gt;　　　　Iconic One 4　　Exray 3.5　　Discover 3.8"
"89","プログラミング教室","Wordpress","オリジナルテーマ","Origin","2018-08-17","オリジナルテーマの作り方（含むメニュー）","Wordpressのオリジナルテーム作成も基本はHTMLとCSS。最初のイメージは従来型で作成し、パート毎（特に動的な部分）にWordpressの部品類をphpを使って修正、追加して行けば良い。&lt;br&gt;?最初はWebサイトのイメージをindex.htmlとStyle.cssから開始&lt;br&gt;　関連１：DotInstallのWordpress入門（全２３回）をベースに例題（NECPCのXAMPP テーマTutorial）&lt;br&gt;　　　　　HTML&amp;SCCベース　&rarr;　index.php、header.php（含menu）、sidebar.php、functions　など&lt;br&gt;　　　　　2018.8.23試作完了　&rarr;　最後は見栄えの良いデザインとテクニックか？&lt;br&gt;?次にheader系footer系sidebar系（header.php、footer.php、sidebar.php）や固定ページ系（page.php）及び投稿系（single.php）更にはメニュー系（mene.php）などに分割して行けば良い。&lt;br&gt;そうなると最初は各種テーマと対応するcssの作り方パターンを学ぶ必要あるか。&lt;br&gt;&lt;br&gt;関連４：[WordPress]カスタムメニュー機能の設定と設置と書き出されるソースコードの分かる解説&lt;br&gt;　　　　カスタムメニューは「リンク先URL」と「ラベル」を設定でき、外部のサイトにもリンク出来る。&lt;br&gt;　　　　登録できる項目は、【投稿】【固定ページ】【カスタムリンク】【カテゴリー】の４項目です。&lt;br&gt;関連２：WordPressのカスタムメニューから余計なidやclassを削除したい！&lt;br&gt;　　問題：wp_nav_menu()を使ってカスタムメニューを表示する方法はどうしても上手くいかない。&lt;br&gt;　　　　　当面はカスタムメニューと従来型のHTML＆Style.cssを使うこととする。&lt;br&gt;関連５：WordPressのデザインをカスタマイズする方法！SEOにも効果的&lt;br&gt;関連３：WordPressでカスタムメニューに任意のclass名をつける方法&lt;br&gt;関連６：WordPressのメニューバーをCSSでカスタマイズ"
"91","プログラミング教室","Wordpress","パーマリンク","","2018-08-12","パーマリンクとは","関連１：パーマリンクの意味と決め方を知ろう｜WordPressでの設定方法も解説&lt;br&gt;関連４：WordPressのトップページの表示を理解して正しくis_front_page()とis_home()を使おう！"
"92","プログラミング教室","Wordpress","XAMPP","運用","2018-08-10","テスト用新Local XAMPPとサーバからXAMPPへの移行","2017/04/11付のWordpress XAMPPに従ってNECPC上に新たなXAMPP下のLocal Wordpressを作成した。?MySQL adminへのLogin　ID:root　パスワード：smartworks&lt;br&gt;?Wordpress　install時&lt;br&gt;　　データベース名：wp-01　　ユーザ名：root　　パスワード：&lt;br style=&quot;&quot;&gt;　　データベースのホスト名：localhost　　　テーブル接頭語：wp_&lt;br&gt;?Wordpress　login　サイトのタイトル：smartworks&lt;br&gt;　　　　　　　　　　ユーザ名：root　　パスワード：&lt;br style=&quot;&quot;&gt;&lt;br&gt;2018.8.19　Dynabook上にも同様にXAMPPのLocal Wordpressを作成した。&lt;br&gt;　Wordpress　login　http://localhost/wordpress/wp-admin/&lt;br&gt;　　　　　　　　ユーザ名：root　　　パスワード：&lt;br style=&quot;&quot;&gt;&lt;br&gt;2018/0825&lt;br&gt;サーバ及びInstantWPにてUpdraftPlusにてBackUp作成後XAMPPへ移行する場合は&lt;br&gt;XAMPP下のwordpress、つまりhttp://localhost/wordpress/wp-admin/にてBackUpファイルを&lt;br&gt;アップロード後にUpdraftPlusにて復元を実行する。&lt;br&gt;その後、XAMPP controll panel にてMySQL adminのDB(wp-01)のwp_optionsを選択し、&lt;br&gt;最初の2項目（siteurlとhome）のoption valueをhttp://localhost/wordpress/に変更することが必要。"
"93","個人事業","開発アプリ","アイデア","","2018-08-10","人材登録とニーズマッチングサイト","個人事業主のSkillと仕事依頼（何かを欲している）との結びづけをするサイト（但し、例えばエンジニアリングサイトとして所有すべきインフラなど必要ないか）&lt;br&gt;&lt;br&gt;・具体的にはどんなサービスを考えるか&lt;br&gt;&lt;br&gt;&lt;br&gt;・Webサイトの名称：緊急Job1.5、お手軽依頼、お手軽エンジニア、"
"94","プログラミング教室","Wordpress","メカニズム","php","2018-08-05","wordpressメカニズム（2018.8.14略理解）","http://smartworks.club/　?ファイル名を省略した際に表示されるトップページは、次のファイルになります。&lt;br&gt;　　（DirectoryIndex） index.html index.htm index.php index.cgi jsn_start.html&lt;br&gt;関連１：WordPressの仕組みを理解するために中身をちょこっと覗いてみた&lt;br&gt;　　　　上記?以降のプロセスを要領よく説明している。&lt;br&gt;関連３：WordPressの起動2 &ndash; WordPress起動時に読み込まれるPHPファイルの順番&lt;br&gt;?index.phpの中身&lt;br&gt;　　define(&#039;WP_USE_THEMES&#039;, true);&lt;br&gt;　　/** Loads the WordPress Environment and Template */&lt;br&gt;　　require( dirname( __FILE__ ) . &#039;/wordpress/wp-blog-header.php&#039; );&lt;br&gt;　　　　注：__FiLE__ ファイルのフルパスとファイル名　URLが直接wordpressの場合は　&lt;br&gt;　　　　　　require( dirname( __FILE__ ) . &#039;/wp-blog-header.php&#039; );　となっている。&lt;br&gt;　　　　関連４：phpマジック定数（自動的に定義される定数）&lt;br&gt;　　　　・定数「ABSPATH 」はwp-config.phpでdefine(&#039;ABSPATH&#039;, dirname(__FILE__) . &#039;/&#039;);　&lt;br&gt;　　　　・定数「WPINC 」はwp-settings.phpでdefine(&#039;WPINC&#039;, &#039;wp-includes&#039;);&lt;br&gt;?wp-blog-header.phpの中身&lt;br&gt;　　	require_once( dirname(__FILE__) . &#039;/wp-load.php&#039; );　基本設定wp-config.phの読み込み&lt;br&gt;　　wp-config.phpの最後でwp-settings.phpが呼ばれそこでWPインスタンス生成含め各種を設定。&lt;br&gt;　　Echo $GLOBALS[var]; // グローバル変数「$var」の値「サンプル」を出力　&lt;br&gt;　　	Wp();　関数wp()はｗｐ-includes中のfunctions.php中で定義。更にｗｐ-includes中&lt;br&gt;　　　　　　のclass-wp.phpで定義のWpclassのmainが呼ばれて関連５説明の処理がなされている。&lt;br&gt;　　　　関連5:query.phpを読む（２）wp-blog-header.phpの役割とwp()関数、$postsの生成&lt;br&gt;　　	require_once( ABSPATH . WPINC . &#039;/template-loader.php&#039; );&lt;br&gt;?wp-settings.php&lt;br&gt;　　wp-config.phpの最後に実行されるのがwp-settings.phpです。Wp-includes内の様々なファイルを&lt;br&gt;　　読み込み、コアシステムで使用する定数や変数、関数、クラスを設定します。&lt;br&gt;　　またプラグインの読み込みやテーマの初期化、さらにはWordPressの初期化も行います。&lt;br&gt;　　さらに大事なのはquery.php、rewrite.phpの読み込み、query.phpでは表示させるべき&lt;br&gt;　　データを取得するためにデータベースへアクセスします。&lt;br&gt;  　またWP_Queryクラスやis_home()などの条件分岐タグもquery.phpで定義されています。&lt;br&gt;  　Rewrite.phpではWP_Rewriteクラスを定義しています。&lt;br&gt;?template-loader.ph&lt;br&gt;　　各種のif文 ( is_page() &amp;&amp; $template = get_page_template())などで最初に読み込むべき&lt;br&gt;　　$templateを決めている。Is_page()などはquery.php、get_...template()などはtemplate.php&lt;br&gt;　　どのtemplateが選択されたかのDebug出力は　	var_dump($template);　など挿入してみる。　&lt;br&gt;　　疑問：$template決定後はどの処理でブラウザ出力しているか？（どこかのHTMLに埋め込まれた？）&lt;br&gt;&lt;br&gt;関連２：php 関数リファレンス"
"96","個人事業","ツール","","","2018-08-04","PCへの手書きツールなど","関連１：ワークスタイルを革新する&ldquo;徹底&rdquo;手書き活用術&lt;br&gt;関連４：デスクトップ落書きソフトとは"
"97","BackUp運用","同期運用","","","2018-07-31","One Drive及びGoogleドライブの使用法と運用","関連５：MicroSoft/Office提供のOneDriveは無償で５GBまで利用可能&lt;br&gt;関連１：Web上のgoogle driveにアクセスする。&lt;br&gt;関連２：「バックアップと同期(Backup and Sync)」を使って自動的にPCのデータをバックアップ&lt;br&gt;&lt;br&gt;複数端末からのドライブ同期＆BackUPの運用のイメージ&lt;br&gt;　　　　　　　　　　　　　　　　　Googleドライブ&lt;br&gt;　　　　　　見えるだけ　　−−&rarr;（クラウド保存のみ）&larr;−−　　見えるだけ&lt;br&gt;　　　　NECLZ550S　　　　　　　　　　　　　　　　　　　　　　　Dynabook&lt;br&gt;　　　　（Lacal保存）　&larr;&rarr;　　同期保存　&ne;　同期保存　&larr;&rarr;（Local保存）&lt;br&gt;　　　　　　見えるだけ　−−−−−−−−−−−&rarr;　　　　　&lt;br&gt;　　　　　　　　　　　　　　　　　　&larr;−−−−−−−−−−−−見えるだけ&lt;br&gt;　　　＊同期フォルダ（ファイル）作成：雲マークアイコンよりWeb上googleドライブにアクセス&lt;br&gt;　　　　　　ドライブ新規＋　で現PCからフォルダ／ファイルをアップロード完了後&lt;br&gt;　　　　　　　　　　　　　　アップロードしたフォルダ／ファイルをExplorerから同期してをする。&lt;br&gt;　　　　　&lt;br&gt;関連４：Googleドライブ便利な使い方・裏技 | 同期されない時の対処方法"
"98","プログラミング教室","Scratch","アプリ運用","画面デザイン","2018-07-29","SmartWorksオリジナルScratch画面デザイン","NEC＿PCのディスク破損によるデータ紛失によりデザイン作り方データも消失&rarr;再度のデザイン&lt;br&gt;１．Scratch画面Meshサイズ　　横(X)=480px　縦（Y)=360px&lt;br&gt;　　ピクセル単位で　左上（X,Y)＝(-240,180)　右下(X,Y)＝(240,-180)&lt;br&gt;　　パワーポイント上でのピクセル単位とcm単位との対応関係（解像度によって異なるが？）&lt;br&gt;　　　　Y軸　150ピクセル＝2.54cm　　X軸　200ピクセル=3.387cm&lt;br&gt;&lt;br&gt;２．Top画面配色とSWロゴ配置&lt;br&gt;　　　配色はSmartWorks.scratch.Design　にて各種検討&rarr;SW_base03.pngを採用&lt;br&gt;　　　ロゴはSmartWorks.営業デザイン他.名刺　にあるpptからpaintで貼り付け&lt;br&gt;&lt;br&gt;デザイン最終&lt;br&gt;　Top画面の配色　SmartWorks.scratch.Design中にあるSW_base03.pngを採用&lt;br&gt;　アプリテンプレートは　　ドキュメントのScratch　Projects￥Scratch 2中のSW_autobase_01.sb2&lt;br&gt;&lt;br&gt;&lt;br&gt;&lt;br&gt;関連４：原色大辞典"
"99","プログラミング教室","RaspberryPi","自動起動","","2018-07-28","RasPi起動時にオートスタートさせる","関連１：systemdを用いたプログラムの自動起動　　　　（ABCさん第8回資料）"
"100","プログラミング教室","Scratch","自動起動","","2018-07-28","Scratchの.batからの起動","関連６：バッチファイルでいつも使うアプリケーションやホームページをらくらく起動　2018.7.28　Scratchの自動起動のbatファイル（Scratchプログラム指定とGreenフラグ起動まで）&lt;br&gt;　　　　試験OK&rarr;Drive OneのSmartworksscratchBatch_Start中の.batに作成&lt;br&gt;&lt;br&gt;関連５：メニュー付きのDOSバッチファイルを作成する&rarr;これを使って教材選択メニューを作る予定&lt;br&gt;　　　　&rarr;テスト用.batを確認（Menu_Scratch2.bat)&lt;br&gt;&lt;br&gt;関連１：Raspberry Pi で自動でデスクトップを起動し、さらにスクラッチの特定のプロジェクト&lt;br&gt;　　　　を開く方法&lt;br&gt;&lt;br&gt;関連４：Raspberry Pi 電源投入で、Scratchのプロジェクトを自動起動する&lt;br&gt;&lt;br&gt;関連２：【bat】Windowsのバッチファイル(*.bat)の書き方自分用まとめ&lt;br&gt;&lt;br&gt;&lt;br&gt;関連３：ScratchX"
"101","プログラミング教室","Scratch","アニメーション","","2018-07-28","Scratchでゲームを","関連１：子供の科学のWEBサイト「コカねっと！」-科学や理科、工作の役立つ情報いっぱい！　　　　（KokaNet）&lt;br&gt;&lt;br&gt;関連４：【ドローンTelloプログラミング】未経験者が初めてのプログラミングに挑戦&lt;br&gt;　　　　【Scratchの使い方】"
"102","プログラミング教室","Web開発","HTTP","","2018-07-25","TCP/IPプロトコル","関連１：ネットワーク技術解説講座連載　 詳説　TCP/IPプロトコル&lt;br&gt;関連４：ApacheによるWebサーバ構築（2）：Webの仕組みとWebサーバの構造 (1/2)&lt;br&gt;&lt;br&gt;関連２：Socket通信の仕方(サーバー側) 　（Raspberry Pi 3 &amp; Python 開発ブログ）&lt;br&gt;&lt;br&gt;関連５：Raspberry Piでソケット通信&lt;br&gt;&lt;br&gt;関連３：Raspberry Pi 入門 (4) ネットワーク環境を設定する"
"103","プログラミング教室","Scratch","新MESH","","2018-07-23","新MESHではじめるIoT生活","関連１：第9回 MESHでここまでやる？ Raspberry PiでMESHが動く！話題のラズパイ版MESHをいち早く使って、スマート・ホームを実現しよう！"
"105","HomePage","MyPage","運用","","2018-07-19","Home Pageの新運用：BackUpとInstantWP環境構築","　注?：Start_instantWP.ｂatで立ち上げるがLocalサイトに入るのに時間かかる？　　　MySQL Adminに入り&rarr;Wordpress Adminに入る必要あるか？&rarr;確認要？&rarr;直接WordpressでOK&lt;br&gt;　注?：Local&rarr;サーバ移行：UpdraftPlusでBackUPする前にMySQL Admin(rootのみ）に入り&lt;br&gt;　　　　下記?（関連１記事）のhttp://127.0.0.1:10080/wordpress/をhttp://smartworks.club/へ&lt;br&gt;　　　　変更してないと移行後にサーバ（ValaueDomain)のMySQLでの変更が必要となる。&lt;br&gt;　注?：サーバーサイドで画像が表示されなくなる現象起こる。&rarr;サーバ上メディアライブラリに&lt;br&gt;　　　　表示すべき画像データが入っていない／リンクが取れていない場合がある。&lt;br&gt;　注?：新instantWPのwordpressに関するフォルダーはエクスプローラからは見れない。&lt;br&gt;&lt;br&gt;関連１：Instant WordPressにUpdraftPlusのバックアップを使って簡単にブログをローカル環境&lt;br&gt;　　　　に復元する方法&lt;br&gt;　　　　注：?最新版v5.3.6は初期ページから動かず&rarr;関連２：Githubでv5.3.4をインストールでOK&lt;br&gt;　　　　　　?サーバサイドでUpdraftPlusにてbackupしたすべてをローカルにダウンロードする。&lt;br&gt;　　　　　　?instWPインストール直後はWordpress Admin（admin,password）でダッシュボードへ。&lt;br&gt;　　　　　　?instWPのプラグインUpdraftPlusへダウンロードしたbackupを持ち込み復元を実施。&lt;br&gt;　　　　　　　以上でサーバサイドと同じローカルサイトができあがる。&lt;br&gt;　　　　厳重注意：&lt;br&gt;　　　　　　?そのままではinstWPからWordpress Adminから入ってもサーバサイドへ入ってしまう。&lt;br&gt;　　　　　　　（理由はinstWP管理画面のURLがサーバサイドURLになっているから）&lt;br&gt;　　　　　　?復元直後にはMySQL Adminから入り（root＆ブランク）DBのwordpress＆optionにて&lt;br&gt;　　　　　　　最初の２つsiteurlとhomeのアドレスをhttp://127.0.0.1:10080/wordpress/の&lt;br&gt;　　　　　　　ローカルURLに変更することでOKとなる。&lt;br&gt;　　　　　　?LocalのinstantWPを呼び出すには　Start_InstantWP.bat　で立ち上げること。&lt;br&gt;　　　　サーバサイド＆ローカルinstantWPでのユーザ名＆パスワードは同じとなる。&lt;br&gt;　　　　　　　ユーザ名：smartworks　パスワード：　　&lt;br&gt;　　　　　　　　　　　　&lt;br&gt;&lt;br&gt;関連４：【WordPress】＜プラグイン＞UpdraftPlusで取ったバックアップからサイトを復元する方法"
"106","プログラミング教室","Javascript","jquery","","2018-07-18","jquery例題など各種","関連１：My Web Tutorial&lt;br&gt;関連４：jQuery逆引きリファレンス　フォーム要素からの入力値を取得するには？（val）"
"107","プログラミング教室","RaspberryPi","WebIOPi","ScratchMesh","2018-07-14","WebIOPiとScratch Meshの両方法にて例題作成","書籍：「RaspberryPiで学ぶ電子工作」のWebIopiの章（９章）の例題を　WebIopiについてはrequire.jsからjqueryに変更する方法とScratch＆Meshによる両方法で確認する。&lt;br&gt;&lt;br&gt;&lt;br&gt;関連6：WebIOPiを用いたPCやスマホとの連携&lt;br&gt;　　　関連３：/jsフォルダ中のwebiopi.jsの使用方法と例"
"108","プログラミング教室","Scratch","Mesh遠隔","OK","2018-07-14","Meshによる複数PCのScratch間での交信機能","2018.7.24　キャタピラー模型のScratch＆Meshモデルを確認　　　　　　Host:192.168.1.22（ScratchモデルCataP_host)&lt;br&gt;　　　　　　Join：（ScratchモデルCataP_remote）　SL書(SD)−立ち上げが不安定だが何とか大丈夫&lt;br&gt;　　　　　　Slave側は立ち上げ時は拡張USBで通信＆マウス付き&rarr;その後拡張USB除去し通信USBでOK&lt;br&gt;　　　　　　旗マークでStart　前後進（&uarr;&darr;）＆左右旋回（&larr;&rarr;）とSpace（stop)&lt;br&gt;&lt;br&gt;関連１：Scratch Multiplayer Game&lt;br&gt;関連４：Raspberry Pi向けMESHハブアプリケーション年内配布予定（SONY)&lt;br&gt;関連２：Mesh is a method of having multiple Scratch projects interact, &lt;br&gt;　　　　even if they are on different computers.&lt;br&gt;&lt;br&gt;関連５：Scratch Mesh（日本語）&lt;br&gt;関連６：pdf文書（このpdfと関連３のイラストで略理解できる）&lt;br&gt;　　　　2018.7.15　Address固定化していないRasbianと固定化Rasbianとの間ではMesh通信OKを確認。&lt;br&gt;　　　　PasPi上のScratchではSmallTolkの修正なしでshift＋共有操作のHostMesh JoinMeshで可能。&lt;br&gt;&lt;br&gt;関連３：Scratch Meshイラストpdf"
"109","プログラミング教室","Scratch","遠隔操作","Python","2018-07-13","Scratchの遠隔操作（参考となる情報）2018.7.12","関連１：もやし工房 （ScratchとPythonをつなげて顔認識やメール・Slackを送ったりする話 ）　　　2018.7.12　関連1資料に従ってやって見る。&lt;br&gt;　　　　　　　　 最初の　sudo apt-update　は　sudo apt-get updateの間違い？ &lt;br&gt;　注：sensor名をScratchで作ることはできないが、Python側からs.sensorupdate({&#039;ab&#039; : a})とか&lt;br&gt;　　　sennsor名&#039;ab&#039;とかを一度送ってやるとScratch側に登録される。&lt;br&gt;　　　　テスト send_sensor.py　OK send_broadcast.py　OK　receive_sensor.py　OK&lt;br&gt;　　　　　　　 receive_broadcast.py OK 　receive_multi_val.py　OK　shell_execute.py　OK&lt;br&gt;　　　　　　　&lt;br&gt;&lt;br&gt;　　　MESH networkについては後日理解を深める必要あり。&lt;br&gt;　　　　　&lt;br&gt; &lt;br&gt;関連４：もやし工房ブログ（ScratchでRaspberryPiなど各種）"
"110","プログラミング教室","Scratch","GPIO","OK","2018-07-12","Scratch 1.4でGPIO＆サーボモーター","関連４：【 第4回 】Scratch 1.4のGPIOサーバーなら、Lチカも蛍に！　　　　発見：2018.7.12 RasPiメニュー上のScratch（NuScratch)でGPIO制御ができた。＝資料通り&lt;br&gt;　　　　後半のGPIO17を使ってPWM的なLED点灯が可能なのか&lt;br&gt;        &rarr;初期にconfig17outputpwmを送り、pwmoutを変化させgpio17pwm＆pwmoutを送ることで可能&lt;br&gt;　　　　&rarr;また、それらの遠隔操作も可能となった。　例題：LED_pwm_01で例題保存。&lt;br&gt;&lt;br&gt;　　　　例題２：ＤＣモータの速度制御（前後進と回転速度）をRasPi電子工作書籍（１）P.260の回路と&lt;br&gt;　　　　関連4のPWMモデル（2個のGPIOとモータドライバTA7291P）で確認OK(2018.7.15）&lt;br&gt;　　　　&rarr;Scratchによるキャタピラー模型モデルを作成予定＆MESHによる遠隔制御&lt;br&gt;　　　　　2018.7.24キャタピラーモデルのＭＥＳＨによるhost&rarr;serverの動作確認もOK.&lt;br&gt;&lt;br&gt;2018.7.24　関連２に従ってサーボモータを試し稼働を確認。（PGM:servomotor_pwm01）&lt;br&gt;　　　　　但し、gpio17pwmとpwmoutのロジック中のpwmoutの値と角度など不明だったが、再度の&lt;br&gt;　　　　　調整ではpwmout（330前後で初期位置から1024付近まで90度（以下？）程度移動。&lt;br&gt;　　　　　PWM出力ができるgpio18に変更して試すと、gpio18pwm＆pwmoutにて&lt;br&gt;　　　　　pwmoutが５〜1024（付近まで）で９０度移動することを確認&lt;br&gt;　　　　　（但し、位置制御はpwmoutの値に対する移動と振動など不安定？）&lt;br&gt;&lt;br&gt;関連２：【 第22回 】サーボモーターの電源をRaspberry Piとは別にしたら、ちゃんと180&deg;回転した！&lt;br&gt;関連１：【 第21回 】Scratch 1.4でサーボモーターを動かしたときの挙動を確認してみた&lt;br&gt;（関連４：関連1のTopページ）&lt;br&gt;　　　　　"
"111","プログラミング教室","ツール","LibreOffice","","2018-07-11","LibreOffice","関連１：LibreOfficeをインストールしよう&lt;br&gt;関連４：オープンソース&times;クラウドの情報サイト&lt;br&gt;　　　　オープンソースのオフィススイート／LibreOfficeとは&lt;br&gt;&lt;br&gt;関連２：LibreOfficeのダウンロードサイト&lt;br&gt;&lt;br&gt;関連５：libreoffice 使い方&lt;br&gt;関連３：「LibreOffice」活用編マニュアルを公開しました（福岡JA)&lt;br&gt;&lt;br&gt;関連６：LibreOffice関連記事多い（Web関連ソフトに詳しい人のBlog）"
"113","プログラミング教室","Web開発","HTML","Debug","2018-07-06","横取り丸とInetSpy","関連1：横取り丸は、インターネットのホームページを閲覧する時の情報の流れを横取りし、　　　　各種の横取りソフトに情報をバイパスするためのソフトです。&lt;br&gt;関連４：InetSpyは、インターネット閲覧ソフトとHTTPサーバーの間での情報の流れを見るソフトです。&lt;br&gt;&lt;br&gt;関連２：ブラウザがウェブサーバーに送っている情報を表示するウェブページを作ってみよう&lt;br&gt;　　　（HTML/CSS/JavaScript/PHP）"
"114","プログラミング教室","Scratch","漢字フォント","Excel","2018-07-03","漢字など日本語データ出力用のScratchプログラムwith　Excel","NEC_PCのHDD破壊に伴う再度の作り込み&lt;br&gt;１．ベースとなる漢字Fontは再度入手（関連１）&lt;br&gt;２．上記Fontを利用したのは確かだが必要なFontを取り出し、Scratchに読み込ませるMacroが消失&lt;br&gt;　　再度のMacro作成を検討する。&lt;br&gt;　　?Original漢字FontはDec型orHex型のデータだがScratch用に次のTexファイル型のFormtに変換する。&lt;br&gt;　　　漢字、width幅（横16文字）、height長（縦１６文字）､１６&times;１６文字（0&amp;1の文字パターン）&lt;br&gt;３．Scratchへの日本語フォント組込み用Excel VBA復元終了（関連４）&lt;br&gt;　　使い方は以前のものと同じ&lt;br&gt;　　?Reset_Fontsは前回の登録Fontの記録とreset&lt;br&gt;　　?Read_Fontsはカラム２に登録したいFontに対し数字2or5（２：通常、５：小文字用）指定後実行&lt;br&gt;　　　試験手順(1)Excel出力のdata.txtをScratchのnx_Dataに読み込み、Font文字はマニュアル入力&lt;br&gt;　　　　　　　(2)通常登録FontはｇDataへ　小文字登録FontはbDataへ　追加すること。&lt;br&gt;&lt;br&gt;関連２：Excel VBA学習サイト（参考）&lt;br&gt;Sub macro5()&lt;br&gt;    Dim ofn As String&lt;br&gt;    ofn = Application.GetOpenFilename(&quot;ブック, *.xlsx&quot;)&lt;br&gt;    If ofn &lt;&gt; &quot;False&quot; Then&lt;br&gt;        Workbooks.Open (ofn)&lt;br&gt;    Else&lt;br&gt;        MsgBox &quot;キャンセルされました&quot;&lt;br&gt;    End If&lt;br&gt;End Sub&lt;br&gt;&lt;br&gt;txtファイルへの書き出し&lt;br&gt;Dim datFile As String&lt;br&gt;datFile = ActiveWorkbook.Path &amp; &quot;data.txt&quot;&lt;br&gt;Open datFile For Output As #1&lt;br&gt;Dim I As Long&lt;br&gt;I = 1&lt;br&gt;Do While ws.Cells(I, 1).Value &lt;&gt; &quot;&quot;&lt;br&gt;    Print #1, ws.Cells(I, 1).Value&lt;br&gt;    I = I + 1&lt;br&gt;Loop&lt;br&gt;Close #1"
"115","個人事業","方針計画","空白期間","Java","2018-07-02","2018.7.1 NEC_LZ550s故障（HDD復元不可）対策","１．SmartworksDB（2018/3/12以降6/30までの作業内容及び作成データ）紛失　　主にどんな活動を実施したか思い起こす。&lt;br&gt;　?ABCさんRasPi講義（3/1〜6/1)　　−−−−−−−−略問題なし&lt;br&gt;　　　　　　1回、2回　及び　第１０回（最終回）ppt有る&lt;br&gt;　　　　　　それ以外の資料は印刷物として残る。&lt;br&gt;　?&rsquo;Auduino及びUSB_IO（追加IOディバイス）に関する情報及び試験結果などの情報&lt;br&gt;　　　&rarr;３月初旬のこのAccessDBにある（問題なし）と関連のMy書籍を辿ればよい&lt;br&gt;&lt;br&gt;　?学習塾の開校準備　　　　　　　　−−−−−−−−問題なし&lt;br&gt;　　　　　HomePage作成とチラシ作成検討　３月〜４月&lt;br&gt;　　　　　ラクスルチラシ印刷注文　4/13　&rarr;　チラシ受取　4/20&lt;br&gt;　?Scratchによるイメージ獲得講座（プログラム類）の検討と作成　−−−−かなり問題（再考必要）&lt;br&gt;　　　　　入手資料及びScratch作成プログラム　殆ど消失&lt;br&gt;　　　　　漢字Font作成用Excel VBAは復元（２０１８．０７．０５）&lt;br&gt;　　　　　残るは教材ソフト数種&lt;br&gt;　　　　　　・分数説明と計算　・積分及び微分　・投擲ボール計算　・座標問題　&lt;br&gt;　　　　　　・Scratch学習用プログラム資料（公開ライブラリから探索のもの）&lt;br&gt;　?&rsquo;Scratch教材作成途中で３D描画に関してJavaを使った例題があり一時Javaに取り組むも&lt;br&gt;　　　関連する情報が全くない。&rarr;Webから入ったのを記憶&lt;br&gt;　　　&rarr;3Dモデルを表示するJavaアプレットの作成（関連１）の例題をそのまま実施した。&lt;br&gt;　　　　それに関連してJavaに関するSecurity上でプログラム登録などが必要だった。&lt;br&gt;&lt;br&gt;　?6月後半　Pythonによるサーバ作成学習とPython再考（途中段階）−−−−問題なし（再検討開始）"
"116","プログラミング教室","RaspberryPi","Webアプリ","","2018-07-01","PythonでWebアプリをつくる","関連１：Python: SimpleHTTPServerでWebサーバをたてる　　　　&rarr;関連１に従ってRaspPiをサーバーとしてテストしてOK&lt;br&gt;　　　　　http://192.168.1.22:8000/　　でOK　　&rarr;次に関連４へ&lt;br&gt;関連４：PythonでWebアプリをつくる（ApacheもWebフレームワークもなしで）&lt;br&gt;　　　　&rarr;関連４も１章では関連１と同様。さらにサーバ立ち上げをScript化してもOK&lt;br&gt;　　　　&rarr;２章ではCGIHTTPServerを使っての動的HTMLのtest.py及びnowdate.pyの駆動もOK（2018.7.4）&lt;br&gt;　　　　&rarr;３章&lt;br&gt;　　　&lt;br&gt;関連２：Python3.5のcgiモジュールを使ってページ間で値を受け渡す&lt;br&gt;&lt;br&gt;関連５：Python(1)WSGI:PythonからWSGIアプリでウェブブラウザに結果を出力する&lt;br&gt;　　　　（Web関連ソフトに詳しい人のBlog　参考になりそう）&lt;br&gt;　　　　関連３：WSGIとPythonでスマートなWebアプリケーション開発を&lt;br&gt;　　　　　　　　（WSGI：Web Server Gateway Interface =PEP333）&lt;br&gt;&lt;br&gt;2018.7/11　Srverアプリの理解を深める意味で関連４に対応するPythonソースを解読&lt;br&gt;　　/usr/lib/python2.7/SimpleHTTPServer.py   &hellip;server起動?　SimpleHTTPServer.test()から&lt;br&gt;    /usr/lib/python2.7/BaseHTTPServer.py　&hellip;中?のBaseHTTPServer.test()が呼ばれ、その中で&lt;br&gt;　　　?httpd=ServerClass(server_address,HandlerClass)としてSocketServer.py中にあるObjectの&lt;br&gt;　　　インスタンスか生成され以降?httpd.serve_forever関数でserverへのアクセスを待って答えている。&lt;br&gt;    /usr/lib/python2.7/SocketServer.py　?、?はSocketServer.py上にある。&lt;br&gt;　"
"117","プログラミング教室","教材","RaspberryPi","講座","2018-03-12","第2回目の講座","１．RaspberryPiインストール準備 　　?microsdの準備&lt;br&gt; 　　?RaspberryPi_OS　ダウンロードサイトへ接続　OS(NOOBS)をdownload  &lt;br&gt;２．RaspberryPi立ち上げ&lt;br&gt; 　　?インストール済MicroSDでRaspberryPiを立ち上げ&lt;br&gt; 　　　ディレクトリ＆ファイルの構造概要 　　　Internet接続&lt;br&gt; 　　?Terminalの起動　&rarr;　簡単なUnixコマンド他&lt;br&gt; 　　?Pythonの立ち上げ  &lt;br&gt;３．ラジコン制御へのアプローチ 　　"
"118","プログラミング教室","数物Prog","Webサイト","","2018-03-12","小中高の数学・物理のカリキュラム","関連１：中学校数学学習サイト &lt;br&gt;関連４：中学理科の学習  &lt;br&gt;&lt;br&gt;関連２：高校数学の基本問題 &lt;br&gt;&lt;br&gt;関連５：高校数学なんちな  &lt;br&gt;&lt;br&gt;関連３：高校物理の備忘録 &lt;br&gt;&lt;br&gt;関連６：わかりやすい高校物理の部屋（栄光ゼミナール）"
"119","個人事業","便利道具","","File","2018-03-12","フォルダー内のファイル情報などを文字出力する","関連１：FolderFileList.exe　にてフォルダーを指定して実行することで可能  &lt;br&gt;関連２：関連１のDownload先　 　　　　&lt;br&gt;　　　　FolderFileList：対象のフォルダの中を解析し、フォルダとファイルの一覧を確認"
"120","個人事業","方針計画","宿題","","2018-03-12","2018.3月初旬に考えたこと","?講座開始後（ABCさん）に伴って模索したこと 　&lt;br&gt;　・ラジコン制御で可能なRaspberryPiのシステム構成と方法について 　&lt;br&gt;　・塾経営（数理＋プログラミング）での教え方及び教材検討の必要性について　&rarr;?へ &lt;br&gt;?Scratchの数理応用に関する調査と例題取集を実施 　&lt;br&gt;　&rarr;面白い適用例の存在を確認 　&lt;br&gt;　&rarr;宿題（数学、力学その他を含む数理教材カリキュラム化検討と教室開設準備へ） &lt;br&gt;?使用中のRaspberryPiのGPIOが壊れていることから 　&lt;br&gt;　・RaspberryPiに入出力を拡張することなど調査&rarr;USB経由でのIO接続を検討 　　&lt;br&gt;　 　&rarr;USBーIO2.0(AKI)購入まずはPCのUSB接続確認&rarr;Visual Basicインストールとテスト確認OK。&lt;br&gt; 　　&rarr;RaspberryPiに接続しての方法を検討（Python＋Cライブラリ　が妥当か） 　　&lt;br&gt;     &rarr;USB-Io2.0のCモジュールをdownloadし、PCでのexe実行とLED点灯は確認&lt;br&gt; 　　&rarr;RaspberryPiへ持ち込むためにCプログラム解読開始するもCの再度の勉強必要&lt;br&gt; 　　&rarr;Visual Stuidio 2010 C++（インストール済）とC++　勉強&lt;br&gt; 　　&rarr;宿題（USB-Io2のRaspberryPiでの接続試験)"
"121","プログラミング教室","C言語","VisualStudio","C/C++","2018-03-11","C++/CLIとC++/SDKの違い","関連１：標準C++とC++/CLIとは何が違うのか？ &lt;br&gt;・標準C++はnativeC++（ネイティブシープラプラ）と言われているものでC++/CLIとは違うもの。 &lt;br&gt;・標準C++をはじめ他の一般的なプログラミング言語は，どんなコンピュータマシンでも動作します。 　Windows上でも動作するし，UNIX系のOS上でも動作するし，スマホやタブレットでもOK。 &lt;br&gt;・C++/CLIは「.NET Framework」という比較的新しい技術を使うためにC++の機能を拡張した言語。 &lt;br&gt;・.NET Frameworkを使う場合にはC#やVB.NETといった.NET Framework用の言語を使うほうが簡単。 &lt;br&gt;・C++/CLIのことをVisual C++と言うことが多い &lt;br&gt;・C++/SDKはもともとのC++にWindows用のソフトを作るために必要なもので純粋なC++の拡張版。 &lt;br&gt;・C++/CLIは何に使うのかというと &lt;br&gt;　 ?C++(やSDK)でしか出来ないことを.NETFrameworkから利用する &lt;br&gt;　 ?もともとC言語やC++で書かれているプログラムの再利用        の２つだけです。 &lt;br&gt;　すなわちC++/CLIの利用価値があるのはC++/SDKを十分に理解できている人のみです。"
"122","プログラミング教室","C言語","VisualStudio","C/C++","2018-03-10","Visual C++ 2010 Express プログラミング入門","関連１：Visual C++ 2010 Express プログラミング入門&lt;br&gt;　　　?新規プロジェ&rarr;Win32コンソールアプリ&rarr;空のプロジェクト（プロジェクト生成完）、&lt;br&gt; 　　　　　プロジェクト（menu）&rarr;新しい項目の追加&rarr;C++ファイル&rarr;コード入力、&lt;br&gt; 　　　　　ディバッグmenu&rarr;デバッグなしで開始（コンソール出力後1時停止）&lt;br&gt;　　　?ブレークポイントの設定&rarr;ディバッグ開始及びディバッグの方法など&lt;br&gt;　　　?カスタマイズの方法　ツール&rarr;設定&rarr;上級者用設定、&lt;br&gt;　　　　ツール&rarr;オプション&rarr;C/C++&rarr;全般&rarr;行番号&rarr;OK　、&lt;br&gt;　　　　Icon設定など他 My書籍（Visual C++ 2010 Express入門のpage115&lt;br&gt;　　　　Chap4プログラム作成の基本（フォームアプリ））より 　　　　&lt;br&gt;　　　?新規プロジェ&rarr;Winフォーム（WinForm_Calc)、&lt;br&gt; 　　　Formの作成（ツールボックスよりTextBox,Label、ButtonをDrag&amp;Dropして配置と名前付け他）&lt;br&gt;関連４：WisdomSoft - for your serial experiences. 　　1.4 Visual C++ 2010　"
"123","プログラミング教室","RaspberryPi","Python","DLL call","2018-03-09","PythonからDLLを呼ぶ","関連１：16.17. ctypes &mdash; Pythonのための外部関数ライブラリ  &lt;br&gt;&lt;br&gt;関連４：Python入門：Python からカスタムの DLL を利用する  &lt;br&gt;&lt;br&gt;関連２：PythonからC++のクラスを使ってみるテスト"
"125","プログラミング教室","数物Prog","","","2018-03-06","数理物理の基礎（EMANの物理学）","関連１：EMANの物理学"
"127","プログラミング教室","数物Prog","Scratch","指導要領","2018-03-05","数理をイメージとして習得（プログラミングを用いて数理に強くなろう）","教材：A4版１枚の質問例題とScratchプログラムによる動的イメージ化&lt;br&gt;  力と運動　＝基礎編　（小出昭一郎　共立出版社から） &lt;br&gt;０．プロローグ　科学について 　　&lt;br&gt;　　「物理科学のコンセプト」（Conceptual Physical Science）＝概念そのものを理解＝概念重視 　　&lt;br&gt;?身近な現象に焦点、物理の重要部分に絞る、数式は使わず言葉で説明、概念をよく理解させる。 　　&lt;br&gt;?法則を覚えるよりも、どんな論理や根拠でそのように結論づけられるかに注力 　　&lt;br&gt;?物理や技術の役割が人類の未来に意味あるものであることを理解させる。 　　&lt;br&gt;　物理学の近代科学としての確立はガリレイによるアリストテレス運動学批判から始まる。 　　　&lt;br&gt;　分析手法の導入、物理概念の計量化、軽量化された物理量の測定、数学的表現&lt;br&gt; 　　　&rArr;物理概念の軽量化、測定・実験、数学を使っての分析　＝　物理学の方法の核心 &lt;br&gt;１．運動 &lt;br&gt;２．ニュートンの運動の法則 &lt;br&gt;３．直線運動と運動量 &lt;br&gt;４．回転運動と角運動量 &lt;br&gt;５．重力と衛星の運動  &lt;br&gt;&lt;br&gt;工学系のための基礎力学　＝　応用編　（井上　光他　東京教学社） &lt;br&gt;序章 &lt;br&gt;１．運動の表わし方 &lt;br&gt;２．運動の法則 &lt;br&gt;３．いろいろな運動 &lt;br&gt;４．仕事とエネルギー &lt;br&gt;５．運動量と角運動量 &lt;br&gt;６．中心力による運動 &lt;br&gt;７．質点系の運動 &lt;br&gt;８．剛体の運動 &lt;br&gt;９．非慣性系での運動と見かけの力 &lt;br&gt;付録Ａ　微分と積分 付録Ｂ　2階微分方程式"
"128","プログラミング教室","Scratch","","","2018-03-04","スクラッチプログラミング","関連２：スクラッチ 変数ブロックの使い方&lt;br&gt; 　　　　・変数の定義、変数の設定などはスクリプトのデータで行う。&lt;br&gt; 　　　　・複雑な演算定義や複合条件などは2項演算の組み合わせで行う。&lt;br&gt; 　　　　・スクリプトの見た目で「・・・・」と言う　とすると吹き出しマーク付きで表示される。&lt;br&gt;&lt;br&gt;関連１：スクラッチ（Scratch 2.0）で始める簡単プログラミング入門  &lt;br&gt;&lt;br&gt;関連４：Japanese Scratch-Wiki:コンテンツ一覧"
"129","プログラミング教室","数物Prog","Scratch","指導要領","2018-03-03","物理法則シミュレーション／グラフを書く","関連１：グラフで検索したScratch作品  関連４：1次関数ライター &lt;br&gt;関連２：2次関数ライター  &lt;br&gt;関連５：物理法則シミュレーション（コアプログラミング）  &lt;br&gt;関連３：重力のシミュレーション"
"130","プログラミング教室","数物Prog","Scratch","指導要領","2018-03-03","数学・物理とプログラミング","関連１：算数・科学・物理・シミュレーション的プログラム  関連４：Scratchで体験するゲームプログラミングのための物理シミュレーション (中高生向け)  &lt;br&gt;関連２：Scratchで体験するゲームプログラミングのための物理シミュレーション3 (中高生向け)  &lt;br&gt;関連５：Scratchで体験するゲームプログラミングのための物理シミュレーション2 (中高生向け) 　　　　&lt;br&gt;関連３：関連５のペンギンスプライトの上下動作の例題  &lt;br&gt;関連６：待ち行列のシミュレーション"
"131","プログラミング教室","RaspberryPi","入出力","VBA＆C","2018-03-02","USBーIO2.0(AKI)","関連１：ＵＳＢ接続デジタル入出力モジュール　ＵＳＢ−ＩＯ２．０（ＡＫＩ）&lt;br&gt; 　　　　ＰＩＣ１８Ｆ１４Ｋ５０を使用したコントロールボードです。動作に専用のドライバは不要、 　　　　ＵＳＢバスパワーにより電源も不要。PＣとＵＳＢケーブルで接続するだけで動作する。&lt;br&gt;インストール&lt;br&gt; ?USB miniBに接続後PCのUSBに差し込むだけで認識され、ドライバも設定される。&lt;br&gt; 　ﾋｭｰﾏﾝｲﾝﾀｰﾌｪｲｽﾃﾞｨﾊﾞｲｽとして認識、&lt;br&gt; ?関連２：Visual Studio 2010 Express Edition（VisualBasic)のダウンロードとインストール&lt;br&gt; ?関連３：Visual Studio 2010 Service Pack 1をインストールしないとVisualBasicが動かない。&lt;br&gt; ?関連４：USB-IO2.0のブレッドボード用ピンのハンダ付け工作&lt;br&gt; ?DLL＋Sampleのロード（書籍）とLED点灯テスト（port１の0〜7、bit_1は壊れている）&lt;br&gt;  　　　　ＰＣ側からＵＳＢ経由でコマンドを送ることで制御します。&lt;br&gt; 　　　　制御サンプルプログラムが付属しますので、このサンプルを基に開発を始められます。&lt;br&gt; 　　　　解説書(S-05143)も好評発売中です。  入手書籍：【書籍】かんたん！ＵＳＢで動かす電子工作&lt;br&gt;　　　　 関連１のＵＳＢ−ＩＯ２．０(M-05131)を使ってかんたん電子制御！&lt;br&gt; 　　　　　手軽にかつ簡単に電子工作を楽しんでいただける書籍です。&lt;br&gt;  　　　　　パソコンでの制御については、無償で利用できるVisual Basic 2010 Express使って 　　　　　いるので、気軽にチャレンジできます。  &lt;br&gt;関連５：Km2Net USB-IO2.0(AKI)をコントロールするサンプルプログラム(C++)"
"132","プログラミング教室","RaspberryPi","入出力","","2018-03-01","RaspberryPiの入出力を増やす方法","関連１：moremagicの日記　入出力が足りなくなった場合  &lt;br&gt;関連４：Raspberry Pi 3の I2C端子に GPIOエキスパンダ PCF8574を接続して I/Oポートを増やす方法  &lt;br&gt;関連３：LEDをたくさん点灯させたい!! IOエキスパンダ（MCP23017）によるGPIOポート拡張"
"133","プログラミング教室","RaspberryPi","遠隔操作","VPN接続","2018-02-28","VPNでPCからポケットWiFi経由でラズパイに接続する：不可　&amp;rarr;　今後関連２を試す。","2018.2.28　関連４に従ってVPN接続作業　 　?ルータPR-500KI設定　http://192.168.1.1/　（user　user）で呼び出す。&lt;br&gt; 　?詳細設定&rarr;VPNサーバ設定　&rarr;?&lt;br&gt; 　?VPN設定１を編集&rarr;　ユーザ名：raspberry　　パスワード：　&rarr;設定　&rarr;?&lt;br&gt; 　?「VPNサーバ機能の起動」の有効にチェックを入れ、画面上方の「設定」ボタンを押す　&rarr;?&lt;br&gt; 　?　事前共有鍵　t6YQSV1&lt;br style=&quot;&quot;&gt; 　?MACアドレス(WAN)　 　&rarr;ポケットWiFiからの接続は断念（関連３にても確認）    &lt;br&gt;関連１：VPNでiPhone（外出先）からラズパイに接続する   &lt;br&gt;関連４：ひかり電話ルータをVPNサーバにして、スマホからセキュアに接続する &lt;br&gt;関連５：我が家のNTTルータの設定を変更して、外出先から自宅へ安全なVPN接続が可能に（より詳しい） 関連３：ポケットWiFiでVPN接続が基本的に不可能である理由 &lt;br&gt;関連６：リモートアクセス(外出先から接続)でVPN(PPTP)サーバーと接続/通信できません  &lt;br&gt;関連２：スタバからでも自宅にイケる！Raspberry Piで専用VPNサーバー作ってみた"
"134","プログラミング教室","RaspberryPi","WebIOPi","Camera映像","2018-02-28","RaspberryPi上Camera映像を遠隔で見る","関連１：Canvasによる描画指定の一般的な手順  &lt;br&gt;&lt;br&gt;関連４：WEBカメラで動画ストリーミング"
"135","プログラミング教室","RaspberryPi","GPIO","C/C++","2018-02-26","Raspberry Pi C/C++ プログラミング","関連１：Raspberry Pi 入門編 （こじ研：小嶋研究室）　（RaspberryPiの物理GPIOアドレスに入出力するC言語によるGPIOライブラリを作成している。） シングルボードコンピュータ Raspberry Pi を活用して，Unix (Linux) が動作する小型パソコンのプログラミングを学びます．この入門編では，まず C（C++）言語によるプログラミングの基本を学びます．すでに C (C++) に詳しい人はスキップしても構いません．これに続き，GTK+ による X Window アプリの開発に取り組み，GUI を備えたインタラクティブなアプリを開発する基礎を学びます．"
"136","Dymola","Skill","Script","","2018-02-25","Highpass,Lowpassフィルターのparameter study","プログラム　￥DymolaFilters.mo  scroipt　　　￥DymolascriptHighpass_filter  and 　￥DymolascriptHighpass_filter   　　　　"
"137","プログラミング教室","教材","RaspberryPi","指導要領","2018-02-24","RaspberryPiによる模型モデルの遠隔操作まで","教え方幾つかの選択肢 （１）RaspPiのOperation及び言語 　　&lt;br&gt; 　　?RaspPi−OS　（Rasbian／Win10 Iot Core（進めない）)&lt;br&gt; 　　?RaspPiのインストールを含むか（何時するか（最初／使いながら徐々に））&lt;br&gt; 　　?RaspPiの使用環境はRaspPi単独／PC（WiFi経由でＳＳＨ／ＶＮＣ）／PC（Web)&lt;br&gt; 　　?使用言語（Scratch　&rarr;　Python　（&rarr;C言語）&rarr;　Webアプリ）  &lt;br&gt;（２）RaspberryPiの操作（含むEditor　Unixコマンド）&lt;br&gt; 　　?パソコンは使えるか（使い方　PC構成概要&lt;br&gt; 　　?インターネットで検索＆調査はできるか（google検索　と検索ワード&lt;br&gt; 　　?プログラムの構造と駆動メカニズム　and　プログラミングの基本&lt;br&gt; 　　　?入力（各種）　?処理　?出力（各種含むセンサー）から　?（手動、割り込み）へのFeedback&lt;br&gt; 　　?プログラムの形式&lt;br&gt; 　　　?　単独アプリ（PC本体のみで完結していて、他のシステムとの連携はない&lt;br&gt;　　　　　User入力のみの場合&lt;br&gt; 　　　?　外部機器からのI/O入出力を含むアプリ（センサー入力など）&lt;br&gt;　　　　　User入力以外に外部機器からの入力が含まれる場合&lt;br&gt; 　　　?　Webアプリ&lt;br&gt; 　　　　　?の他にWebサーバーからの応答がある場合&lt;br&gt;           RaspberryPi教材検討（これ以前の1.,2.3.は共通教材か？）&lt;br&gt; ４．RaspberryPiの設定&lt;br&gt; 　　?キーボード 　　?Display 　　?OS 　　?miniSD 　　?&lt;br&gt; ５．Scrach／Python　プログラミング&lt;br&gt; ６−１ 電気回路入門        配線方法&lt;br&gt; ６−２ LEDの点灯&lt;br&gt; ７．モータの回転&lt;br&gt; ８．Robot試作とＷｅｂアプリプログラミング"
"138","電磁気","電子回路","","","2018-02-22","電子回路設計入門","関連１：電子回路設計の基礎 ‐ わかりやすい！入門サイト 関連４：Nteku　電子回路設計ホーム &lt;br&gt;関連２：始める電子回路  &lt;br&gt;関連５：RLC回路の過渡現象"
"139","プログラミング教室","RaspberryPi","unix","","2018-02-21","Linux入門","関連１：【Linux入門講座】初心者からステップバイステップで学べる！"
"140","プログラミング教室","RaspberryPi","IoTCore","","2018-02-19","Windows 10 IoT Core","関連１：Windows 10 IoT Core（最新Creators Update版）で何ができるのか？ 　&bull;第1回： Windows 10 IoT Core（最新Creators Update版）の概要と特徴（今回）&lt;br&gt; 　&bull;第2回： ［C#］Raspberry Pi 3 ＋ Windows 10 IoT CoreによるGUIアプリの&ldquo;IoT&rdquo;開発&lt;br&gt; 　&bull;第3回： ［C#］バックグラウンドアプリ開発と、GPIOを活用した電子工作&lt;br&gt; 　&bull;第4回： ［C++］Arduinoスケッチによる開発と、Arduinoとの連携"
"141","プログラミング教室","RaspberryPi","Python","debug","2018-02-17","PythonのIDLEでデバッグを行う方法","関連１：PythonのIDLEでデバッグを行う方法"
"142","プログラミング教室","RaspberryPi","遠隔操作","","2018-02-17","スマートフォンからリモート撮影できるWiFi対応Raspberry Piデジカメ「RaspicamWiFi」を作ってみた","関連１：スマートフォンからリモート撮影できるWiFi対応Raspberry Piデジカメ 　　　　「RaspicamWiFi」を作ってみた  &lt;br&gt;関連４：Raspberry PiのGPIO制御ライブラリ比較   &lt;br&gt;関連２：Raspberry PiのGPIO制御の決定版 pigpio を試す&lt;br&gt; 　　　　項目　　     pigpio　　 Rpi.GPI     WiringPi&lt;br&gt; 　　　　高精度PWM       3本      0 本          2本&lt;br&gt;         入力割り込み   有り 　　有 り　　　　　 無し 　リモートからの制御　　有 り　　 無し　　　　 有り(+WebIOPi) 　　　　対応言語　　　python/C　python　　　 python/C"
"143","プログラミング教室","RaspberryPi","計測","","2018-02-16","DHT11温湿度センサーモジュール、1602LCDモジュールなど","関連１：１６０２LCDモジュール　&rarr;　07-01-LCD1602moj.py　でdebug 　　　　エラー：smbus.SMBus(1)  IOError:[Error 2] No such file or directory&lt;br&gt; 　　　　　&rarr;　関連３にて　sudo raspi-config　にてI2C　をenableにしてOK&lt;br&gt; 　　　　次エラー：bus.write_byte(I2C_ADDR,bits_high)　にてIOError&lt;br&gt; 　　　　　&rarr;　関連６　にてOK?　但し、液晶版下の基板上のつまみを調整して文字が確認できた。  &lt;br&gt;&lt;br&gt;関連４：Raspberry PiでDHT11温湿度センサーモジュールを作動する &lt;br&gt;関連２：ラズパイでDHT11温湿度センサーを作動する 　　　　&rarr;　07-01-tempt_DHT11moj.py　にてOK   関連５：各種モジュール 、ラズベリーパイに接続してみた"
"144","プログラミング教室","RaspberryPi","計測","","2018-02-15","MCP3208　ADコンバータ","関連１：Raspberry PiでADC「MCP3208」のspi接続  関連２：第35回「WebIOPiでIoT！(6)プログラミング応用編~アナログ入力編」"
"145","基盤技術","遠隔操作","無線技術","","2018-02-13","ラジコンの無線技術","関連１：ホーム &gt; 産業用ラジコン &gt; 技術情報 &gt; 無線技術・理論"
"146","プログラミング教室","RaspberryPi","Camera","","2018-02-12","Cameraモジュールの取り付け","関連１：Raspberry Pi B+のカメラモジュールをセットアップしてみる"
"147","プログラミング教室","RaspberryPi","GPIO","","2018-02-09","RaspberryPi GPIO（Python　Rpi.GPIO　及び　pigpio Library","関連１：Raspberry Pi用pigpio Library - その1　[Raspberry Pi]  関連４：Is there documentation for RPi.GPIO  &lt;br&gt;関連２：Package Index &gt; RPi.GPIO &gt; 0.6.3  &lt;br&gt;関連５：raspberry-gpio-python　　：Exampleを含めGPIOの使い方&lt;br&gt; 　　　　使い方を始めGPIO関連のfunctionが良く分かる。  &lt;br&gt;関連３：RasPi応用アプリなど各種  &lt;br&gt;関連６：Wiring Pi（GPIO Interface library for the Raspberry Pi）&lt;br&gt; 　　　　　：C言語ライブラリー"
"148","プログラミング教室","RaspberryPi","WebIOPi","外部Net","2018-02-09","RaspberryPiの外部ネットワークからの遠隔操作","関連１：Raspberry Piに外部ネットワークからアクセスできる様にして携帯でペットを 　　　　遠隔監視する方法&lt;br&gt;&lt;br&gt;関連４：プログラムをしないでも「RaspberryPi」を遠隔操作できるスマホアプリ「Blynk」が凄い！！&lt;br&gt;&lt;br&gt;関連２：ハウス栽培15:外部ネットワークからRaspberryPiにアクセス！（RealVNC)&lt;br&gt;&lt;br&gt;関連５：Raspberry Pi3のLAN外からのSSH接続設定方法"
"149","プログラミング教室","Python","サーバーサイド","","2018-02-05","XAMPP下でPythonを使う","関連１：【XAMPP】Pythonをインストールして使う方法   関連４：アルゴリズム雑記（関連１のTopページ）&lt;br&gt;　　　　プログラミング、電気電子工学、ロボット工学など多分野に亘り多才なブログを展開。 　　　　Arduino (52) ,Raspberry Pi (44),コンピュータ (22) ,ネットワーク (54) ,&lt;br&gt;　　　　プログラミング各種言語 (1,455),ロボット工学 (12),信号処理 (12),制御理論 (30),&lt;br&gt;　　　　数学 (36),機械学習 (53),物質・化学 (1),画像処理 (148),雑学 (7),&lt;br&gt;　　　　電気・電子工学 (46)"
"150","プログラミング教室","ツール","Atom","","2018-01-30","Atom（Editor）のInstall＆設定＆使い方（ShortCut)","１．Ricty Diminishedフォントのインストール（関連１） 　　RictyDiminished-Regular.ttfをサイトからdownload＆インストール &lt;br&gt;２．Atomのインストール（関連４）＆&lt;br&gt;　　【すぐわかる！】Atomエディタのインストールと日本語化、便利な使い方（関連２） 　　https://Atom.io　よりAtom（windows64-bit）をインストール&lt;br&gt; 　　インストール後の設定&lt;br&gt; 　　?setting（Ctrl+,)&rarr;installにてJapanese-menuを探しinstall&lt;br&gt; 　　?setting&rarr;エディター設定&rarr;フォント&rarr;Ricty Diminished（入力）を設定&lt;br&gt; 　　?　　　　　　　　　　　　&rarr;不可視文字を表示&lt;br&gt; 　　?setting&rarr;テーマ&rarr;インターフェイスAtom Light　＆シンタックス　Atom Light&lt;br&gt; 　　?　　　&rarr;Package&rarr;インストール済でwrap入力&rarr;wrap-guide無効化（wrap線の消去）&lt;br&gt; 　　?setting&rarr;Package&rarr;インストール済でautocomplete&rarr;autocomplete-plusを無効化／有効化&lt;br&gt; 　　　　AtomのShortCutKey 　・Ctrl+,　　　　　settingへ&lt;br&gt;　　　　　　・Ctrl+＼  　　Tree Viewを表示／非表示 　・Ctrl＋W　　　　　Tabを閉じる　　　　　　　　　・Ctrl+K &amp;　&rarr;　画面左右分割&lt;br&gt;  　・Ctrl+Shift+P　　コマンド＆ShortCutKeyサーチ&lt;br&gt;　・Ctrl+K &amp; &uarr;　　画面上下分割 　・Ctrl+F　　　　　検索＆置換　　　　　　　　　　 　・Cursor選択範囲左doubleclick　Ctrl+D　　マルチカーソルとなる 　・選択範囲　Ctrl+C　Copy　&rarr;　Ctrl+V　past 　・Ctrl+／　　コメント化　もう一度　非コメント化 　・Ctrl+Enter　行を追加（空白行） 　・Ctrl+Shift+Enter　行の前に空白行を追加 　・Ctrl+Shift+K　　　行を削除 　・Ctrl+Shift+D　　　行を複製 　・Alt+Shift+I       複数行のAuto Indent"
"151","プログラミング教室","Wordpress","オリジナルテーマ","","2019-02-28","CSSリセットとReboot.css  2/28Copy新規","&lt;a href=&quot;https://coliss.com/articles/build-websites/operation/css/new-reset-rebootcss.html&quot; class=&quot;aloha-link-text&quot; hreflang=&quot;&quot; target=&quot;_self&quot;&gt;関連１：2018年おすすめのCSSリセット！&lt;/a&gt;「Reboot.css」の特徴と使い方を解説　Copy新規New Link"
